 ,Label,Area,Mean,Min,Max,Angle,Length(micrometer,Length(mm),Random num,Random
1,,400,0.202,0,35,-90,419.048,0.419048,0.592437148,0.706759363
2,,408.163,0.007,0,3,-62.978,427.635,0.427635,1.003405533,0.727619493
3,,1266.213,0.86,0,76,-100.408,1328.525,1.328525,1.563124969,0.956046646
4,,841.723,0.654,0,76,-25.017,882.824,0.882824,0.63057641,1.403119269
5,,705.669,7.453,0,106,24.322,739.96,0.73996,1.652129794,0.668308503
6,,581.406,3.942,0,187,-77.005,609.905,0.609905,0.57598414,1.362772361
7,,931.519,0.088,0,21,-73.472,977.534,0.977534,0.713039678,1.065457752
8,,1097.506,2.866,0,127,7.031,1151.516,1.151516,1.603008646,1.013097957
9,,980.499,2.9,0,137,18.569,1028.797,1.028797,1.410171464,0.436052924
10,,816.327,0.201,0,35,-97.157,856.194,0.856194,0.74796763,1.23030298
11,,807.256,2.637,0,109,105.662,846.675,0.846675,1.526095789,1.260472826
12,,1010.431,0.199,0,21,-10.139,1060.369,1.060369,1.370287787,0.676451396
13,,1013.152,1.834,0,71,1.232,1063.103,1.063103,1.591432071,0.526810556
14,,839.002,6.424,0,179,113.459,880.387,0.880387,1.635875016,0.822551507
15,,1033.107,1.914,0,181,-10.125,1083.54,1.08354,1.420677601,1.098835137
16,,1085.714,0.779,0,65,-125.337,1139.455,1.139455,0.733179746,0.730486639
17,,1089.342,0.128,0,15.76,-90.573,1142.914,1.142914,0.489239125,0.768794142
18,,502.494,1.157,0,71,-12.529,526.831,0.526831,0.426083362,0.926074161
19,,1134.694,3.779,0,200,48.762,1190.505,1.190505,0.810092602,1.10797924
20,,411.791,1.884,0,96,-98.631,431.554,0.431554,1.09863475,0.695360164
21,,560.544,0.612,0,58,-72.269,587.927,0.587927,0.8814154,0.954432403
22,,933.333,3.162,0,176,125.175,978.714,0.978714,0.916660518,0.486377241
23,,538.776,0.609,0,46,52.125,564.658,0.564658,0.622052562,0.659662878
24,,655.782,0.654,0,27,-102.804,687.574,0.687574,1.041703378,1.411193102
25,,592.29,6.263,0,109,66.894,621.268,0.621268,1.01977925,1.036769919
26,,869.841,2.553,0,140,13.282,912.013,0.912013,1.088406133,1.102535589
27,,741.043,1.587,0,120,-61.928,777.143,0.777143,0.77441138,0.969573949
28,,1016.78,2.602,0,194,-76.361,1066.258,1.066258,1.689991536,0.460914621
29,,965.079,2.108,0,112,14.82,1012.739,1.012739,0.724338732,1.051103689
30,,1149.206,1.944,0,143,11.665,1205.857,1.205857,1.616527864,0.699260596
31,,606.803,3.003,0,120,-83.811,636.088,0.636088,0.784877872,0.352992075
32,,805.442,1.517,0,58,-116.219,845.036,0.845036,0.509854942,0.991343317
33,,1471.202,1.442,0,52,-11.532,1543.539,1.543539,0.700154793,1.237708467
34,,1034.921,1.978,0,94,-9.495,1085.347,1.085347,0.936959169,1.122132668
35,,1325.17,2.415,0,162,59.359,1390.304,1.390304,0.444320431,0.672161477
36,,523.356,1.233,0,62,-49.226,548.32,0.54832,0.491697165,0.976256103
37,,1082.993,0.378,0,31,-38.6,1135.756,1.135756,1.126267874,0.945380925
38,,1346.032,0.527,0,42,-83.028,1412.347,1.412347,1.590995968,0.635381156
39,,1016.78,0.004,0,2.52,58.58,1066.918,1.066918,0.431475191,1.078231611
40,,677.551,1.618,0,156,-59.721,710.218,0.710218,1.322792116,1.080903032
41,,511.565,3.978,0,136,-103.147,535.953,0.535953,1.018272709,0.995030677
42,,527.891,2.281,0,65,53.683,553.169,0.553169,1.257416188,0.479563512
43,,763.719,0.041,0,6,48.276,801.35,0.80135,0.798952132,0.796211724
44,,619.501,2.826,0,65,50.711,649.722,0.649722,0.843751888,0.623434711
45,,713.832,6.933,0,117,-57.685,748.268,0.748268,0.516555083,1.031302048
46,,883.447,1.063,0,34.799,-2.827,926.842,0.926842,0.990005252,0.299752171
47,,558.73,6.982,0,140,32.242,585.528,0.585528,1.106127807,1.23722799
48,,1426.757,0.645,0,92,72.072,1497.472,1.497472,0.658923158,1.025784427
49,,1255.329,0,0,0,-64.843,1317.335,1.317335,1.106405327,0.945403182
50,,885.261,1.924,0,65,32.778,928.844,0.928844,1.471344937,0.885268051
51,,1372.336,0.548,0,96,-0.455,1440.045,1.440045,1.427100221,0.738834749
52,,565.986,1.951,0,110,-84.106,593.614,0.593614,1.325606968,0.992709794
53,,618.594,0.775,0,31,-49.289,648.313,0.648313,0.725884918,0.898776044
54,,978.685,0,0,0,56.192,1026.99,1.02699,1.613594075,0.646009237
55,,1532.88,0.034,0,7.787,5.846,1608.364,1.608364,1.514162403,1.133406511
56,,1265.306,0.176,0,75,-12.761,1328.038,1.328038,0.479208737,1.030009541
57,,390.93,2.119,0,58,-69.88,409.767,0.409767,0.851799986,0.759627455
58,,951.474,1.829,0,133,0.875,998.212,0.998212,1.495806396,1.417798013
59,,850.794,0.673,0,31,-2.447,892.242,0.892242,1.242786887,0.913557887
60,,1032.2,0.955,0,101,-7.075,1082.528,1.082528,1.404383177,0.649088474
61,,1017.687,0.079,0,19,67.553,1067.551,1.067551,0.435122605,0.48853611
62,,1151.927,0.144,0,27,36.798,1208.382,1.208382,0.583794363,0.880325169
63,,984.127,2.3,0,145,-66.274,1031.987,1.031987,0.916700164,0.779539724
64,,1093.878,0.55,0,48,-39.343,1147.736,1.147736,1.239377348,0.879861712
65,,728.345,0.617,0,16,-22.598,763.37,0.76337,1.571569524,1.069129401
66,,429.932,3.37,0,76,-67.119,450.701,0.450701,1.01779696,1.588742801
67,,887.075,0.605,0,19,42.179,930.468,0.930468,0.662372343,1.045377251
68,,777.324,0.349,0,25,101.047,815.105,0.815105,1.399229222,1.181298991
69,,1045.805,1.611,0,149,-90.796,1097.249,1.097249,0.4781383,1.160959268
70,,1225.397,0.879,0,94,2.888,1285.442,1.285442,0.417718098,1.053989492
71,,851.701,1.287,0,89,-96.61,893.559,0.893559,1.388881668,1.218410212
72,,547.846,0.464,0,31,-6.089,574.67,0.57467,1.610977452,0.884275678
73,,650.34,0.557,0,65,10.62,682.16,0.68216,1.653715627,0.625041099
74,,732.88,2.787,0,109,26.819,768.363,0.768363,0.879631339,0.923201123
75,,833.56,0.099,0,16,-131.82,874.118,0.874118,1.345588452,0.946651831
76,,713.832,0.504,0,31,45.412,748.879,0.748879,0.659557491,0.764720568
77,,476.19,1.249,0,40,54.005,499.106,0.499106,1.512655862,0.811824254
78,,682.993,5.359,0,76,-95.802,716.049,0.716049,0.4262023,0.497243596
79,,634.921,9.454,0,94,26.125,666.155,0.666155,1.146764754,0.706012792
80,,654.875,0.65,0,50,-107.43,686.772,0.686772,1.612444347,1.011744245
81,,962.358,0.202,0,31,-58.109,1009.524,1.009524,1.454138658,0.382298504
82,,893.424,2.085,0,109,58.637,936.895,0.936895,1.37885128,1.039509419
83,,787.302,1.425,0,94,15.255,825.27,0.82527,0.902744842,0.545511161
84,,901.587,3.058,0,65,-1.848,945.253,0.945253,0.452566758,1.202191195
85,,809.977,1.13,0,62.006,-7.73,849.626,0.849626,0.554178949,1.045802413
86,,494.331,1.809,0,71,-0.843,518.151,0.518151,0.615907463,0.550177802
87,,724.717,1.158,0,69.112,-39.916,759.931,0.759931,1.027589473,0.47116958
88,,629.478,0.92,0,82,6.633,659.653,0.659653,1.355579194,1.417026894
89,,566.893,3.16,0,114,-90,594.286,0.594286,0.561235902,0.731770309
90,,868.934,0.001,0,0.428,20.556,911.36,0.91136,1.380199237,1.356647926
91,,634.921,0.586,0,96,-44.768,665.359,0.665359,0.755460687,1.112139549
92,,744.671,0.001,0,1,5.877,781.25,0.78125,1.166944467,0.81657043
93,,1119.274,0.794,0,38,13.315,1174.427,1.174427,0.663601363,0.544140429
94,,793.651,1.352,0,85,-86.064,832.44,0.83244,1.207660706,0.633320476
95,,740.136,1.6,0,71,35.407,775.872,0.775872,0.739721303,1.273079108
96,,997.732,0.032,0,10.849,10.697,1046.76,1.04676,0.604093014,0.903511091
97,,918.821,0.458,0,58,-122.245,963.9,0.9639,0.419740034,0.59186533
98,,659.41,1.255,0,71.716,-94.108,691.3,0.6913,0.837725726,0.457417749
99,,1221.769,0.941,0,99,-110.536,1281.433,1.281433,1.168411362,1.153879118
100,,887.982,3.36,0,84,-20.583,931.871,0.931871,1.628064793,0.907872362
101,,852.608,3.312,0,115.209,12.793,894.589,0.894589,1.31038298,1.018345883
102,,762.812,1.091,0,75,1.637,800.326,0.800326,1.666838387,1.068763808
103,,1628.118,2.937,0,194,-50.881,1708.744,1.708744,0.471081348,1.107465707
104,,829.932,3.758,0,149,-27.35,870.657,0.870657,0.443170703,0.651723238
105,,696.599,2.107,0,106,-134.366,730.048,0.730048,0.620902834,1.544219547
106,,494.331,5.009,0,152,1.685,518.319,0.518319,1.530615411,0.949062721
107,,654.875,0.014,0,6.96,-62.582,686.655,0.686655,1.640156762,1.159207559
108,,857.143,1.179,0,143,-82.453,899.217,0.899217,0.523730973,0.078062812
109,,527.891,6.1,0,106,78.071,552.893,0.552893,0.590137692,0.872987761
110,,610.431,1.261,0,21,-12.381,639.637,0.639637,0.546091205,0.475805455
111,,802.721,3.651,0,162,-99.377,841.724,0.841724,1.361486419,1.007721729
112,,582.313,9.681,1,170,-76.657,610.773,0.610773,0.564526503,0.586926375
113,,926.984,7.005,1,141,-79.394,972.809,0.972809,0.55199843,0.709211494
114,,695.692,22.726,8.449,121,22.413,729.382,0.729382,0.816277347,1.243993933
115,,974.15,1.082,0,92,-92.99,1022.344,1.022344,1.456319178,0.743814617
116,,768.254,1.443,0,124,-98.973,806.054,0.806054,1.240368493,1.480990451
117,,1346.032,0.57,0,52,-83.028,1412.347,1.412347,1.502070433,0.691823362
118,,1617.234,0.1,0,27,-126.33,1697.599,1.697599,1.336628501,1.232133895
119,,1310.658,0.21,0,48,8.601,1375.47,1.37547,0.940051542,0.652682226
120,,1047.619,0.052,0,16,-79.819,1099.211,1.099211,1.260746435,0.972273846
121,Mean,858.655,2.028,0.087,80.268,-23.512,900.659,0.900659,1.207779644,0.925256239
122,SD,274.178,2.753,0.78,51.664,61.166,287.896,0.287896,0.485671003,0.514821562
123,Min,390.93,0,0,0,-134.366,409.767,0.409767,1.704145087,0.84149726
124,Max,1628.118,22.726,8.449,200,125.175,1708.744,1.708744,0.622805833,1.035933013
,,,,,,,,,1.500207081,1.343684233
,,,,,,,,,0.943580018,0.631416245
,,,,,,,,,0.417837035,0.913646258
,,,,,,,,,1.035161821,0.965636532
,,,,,,,,,0.669112129,1.132491381
,,,,,,,,,0.841055974,0.747049321
,,,,,,,,,0.954125801,1.265087754
,,,,,,,,,0.630497118,1.253882316
,,,,,,,,,1.693678595,0.937283854
,,,,,,,,,1.058077095,0.512320336
,,,,,,,,,0.450425885,0.538281761
,,,,,,,,,1.519078482,0.535247037
,,,,,,,,,1.435624069,1.031888242
,,,,,,,,,0.782419832,1.01117507
,,,,,,,,,1.496440729,1.378286374
,,,,,,,,,1.31954116,1.396875697
,,,,,,,,,0.620347793,1.398537071
,,,,,,,,,0.855249171,0.580997011
,,,,,,,,,0.960191609,1.232090692
,,,,,,,,,1.509206678,1.379336352
,,,,,,,,,1.032862364,0.044170257
,,,,,,,,,1.303801777,1.399720587
,,,,,,,,,1.450174078,0.853438795
,,,,,,,,,1.131778641,0.876923869
,,,,,,,,,1.173406733,1.468605425
,,,,,,,,,0.896203284,0.619451472
,,,,,,,,,1.121153566,0.799872573
,,,,,,,,,0.910555065,0.706040613
,,,,,,,,,0.968715457,0.759279535
,,,,,,,,,0.70792537,1.382971999
,,,,,,,,,1.324774406,0.476458091
,,,,,,,,,0.594300501,0.914880833
,,,,,,,,,0.802401316,0.894877575
,,,,,,,,,1.347174284,1.352300075
,,,,,,,,,0.80529546,0.232658318
,,,,,,,,,1.594048694,0.90130869
,,,,,,,,,1.562609573,0.968780901
,,,,,,,,,1.025607183,0.613971163
,,,,,,,,,1.650068213,1.156908605
,,,,,,,,,1.634249538,1.006566034
,,,,,,,,,1.363230834,1.084426742
,,,,,,,,,1.009947091,0.767398208
,,,,,,,,,0.892080121,0.969460376
,,,,,,,,,1.271569739,0.772671336
,,,,,,,,,0.833919729,0.545699685
,,,,,,,,,0.957059591,0.832514515
,,,,,,,,,0.768860968,0.781845878
,,,,,,,,,1.210277329,0.773594649
,,,,,,,,,0.942549227,1.038249314
,,,,,,,,,1.062200258,0.483817756
,,,,,,,,,1.142126195,1.123973075
,,,,,,,,,1.173644608,1.162720796
,,,,,,,,,1.347927554,0.790379895
,,,,,,,,,1.3168056,1.378548214
,,,,,,,,,0.586609215,1.019856044
,,,,,,,,,1.345033411,0.649088474
,,,,,,,,,1.434632924,0.939549424
,,,,,,,,,0.515405354,0.767055198
,,,,,,,,,0.831580627,1.140531829
,,,,,,,,,1.548535313,0.897652751
,,,,,,,,,1.634408121,0.571650636
,,,,,,,,,0.897828762,0.694934019
,,,,,,,,,0.791181554,1.209061874
,,,,,,,,,0.483014734,1.094669264
,,,,,,,,,0.690520863,0.883238792
,,,,,,,,,1.578903998,0.979543503
,,,,,,,,,0.84807328,0.6929388
,,,,,,,,,0.570949123,1.302727238
,,,,,,,,,0.759861371,1.107323331
,,,,,,,,,0.942628519,0.724044069
,,,,,,,,,1.030087158,1.375603824
,,,,,,,,,1.249883486,1.192785906
,,,,,,,,,0.419502159,0.705043003
,,,,,,,,,1.545561878,0.965907536
,,,,,,,,,0.752170085,1.46167976
,,,,,,,,,0.558500341,1.27543043
,,,,,,,,,0.464103686,0.858676902
,,,,,,,,,1.331712421,0.989493746
,,,,,,,,,0.651628331,1.239682739
,,,,,,,,,0.83570379,1.026389604
,,,,,,,,,1.261539351,0.692910652
,,,,,,,,,1.078455037,0.790071578
,,,,,,,,,1.198383589,0.692567641
,,,,,,,,,0.710145535,0.806240846
,,,,,,,,,0.963482211,1.013074064
,,,,,,,,,1.482287178,0.453264968
,,,,,,,,,1.206550624,0.994333856
,,,,,,,,,1.677423816,0.848073041
,,,,,,,,,0.620347793,0.816754372
,,,,,,,,,1.617955113,0.785266817
,,,,,,,,,1.321364867,1.097664712
,,,,,,,,,1.048799977,1.1661725
,,,,,,,,,0.81370037,1.117980869
,,,,,,,,,0.758909871,1.148093765
,,,,,,,,,1.317757099,0.862101767
,,,,,,,,,0.867737598,0.992570692
,,,,,,,,,1.051892349,0.810645648
,,,,,,,,,1.002295451,1.40887451
,,,,,,,,,1.481494262,0.498649021
,,,,,,,,,0.681045516,0.84908047
,,,,,,,,,0.832770001,1.134017253
,,,,,,,,,0.995753894,0.829793344
,,,,,,,,,0.805929793,0.689783629
,,,,,,,,,1.1623852,1.464201278
,,,,,,,,,0.627563329,1.25188055
,,,,,,,,,1.591907821,1.067459518
,,,,,,,,,0.976287805,0.271536304
,,,,,,,,,0.765689304,1.109065221
,,,,,,,,,1.690348348,0.550823892
,,,,,,,,,0.736985743,0.691134723
,,,,,,,,,1.080278744,0.139291451
,,,,,,,,,0.713713657,1.332033667
,,,,,,,,,1.647372298,1.583862106
,,,,,,,,,1.018470938,0.493685192
,,,,,,,,,1.110290616,0.590137187
,,,,,,,,,0.499586679,0.601819828
,,,,,,,,,1.659741789,0.927246222
,,,,,,,,,0.681640203,1.002312117
,,,,,,,,,0.495146349,0.918388179
,,,,,,,,,0.505374966,1.212049467
,,,,,,,,,1.327866778,1.026607913
,,,,,,,,,0.634223824,1.25053993
,,,,,,,,,0.633153387,0.912147225
,,,,,,,,,0.411335124,0.987278908
,,,,,,,,,1.027827348,0.777081047
,,,,,,,,,0.847082135,1.029984993
,,,,,,,,,1.561340907,0.372179702
,,,,,,,,,0.906431901,1.149626838
,,,,,,,,,0.840263057,0.875354466
,,,,,,,,,0.482856151,0.86083479
,,,,,,,,,0.433774648,0.877144796
,,,,,,,,,1.270102845,0.917946979
,,,,,,,,,1.470829541,0.863856749
,,,,,,,,,1.142284778,0.893841999
,,,,,,,,,1.430787281,0.550546996
,,,,,,,,,1.636033599,1.305845751
,,,,,,,,,1.519633524,0.704987362
,,,,,,,,,1.578150728,0.650022587
,,,,,,,,,0.601753912,0.912830627
,,,,,,,,,1.208255393,1.102310407
,,,,,,,,,1.695185136,1.183753085
,,,,,,,,,1.454257596,0.781101926
,,,,,,,,,0.73191108,1.029619726
,,,,,,,,,1.240447785,0.890096379
,,,,,,,,,1.236364267,0.548601526
,,,,,,,,,1.199771192,0.360983428
,,,,,,,,,1.549248938,0.851540456
,,,,,,,,,1.450649828,0.972614565
,,,,,,,,,1.035399696,1.302902671
,,,,,,,,,1.247028988,0.653351882
,,,,,,,,,0.874635968,0.479049651
,,,,,,,,,1.279974649,0.95833709
,,,,,,,,,1.323307511,0.816271932
,,,,,,,,,0.692978902,0.717943199
,,,,,,,,,1.397326224,0.830497039
,,,,,,,,,1.163971032,0.639628199
,,,,,,,,,0.616383213,0.617064146
,,,,,,,,,1.271807614,0.288189321
,,,,,,,,,1.518404504,0.785982294
,,,,,,,,,0.9343029,0.797433861
,,,,,,,,,0.673750688,1.131882603
,,,,,,,,,1.089080112,0.613319836
,,,,,,,,,1.31954116,0.785123459
,,,,,,,,,0.912458063,0.975435889
,,,,,,,,,0.780278959,1.134201196
,,,,,,,,,0.892793745,0.989539895
,,,,,,,,,0.800300089,0.956002133
,,,,,,,,,1.514083111,1.463156537
,,,,,,,,,1.694075053,1.049742122
,,,,,,,,,0.837289622,0.599811516
,,,,,,,,,0.655275744,0.761808581
,,,,,,,,,0.43016688,0.997660859
,,,,,,,,,1.274424237,0.985989346
,,,,,,,,,1.420994768,0.648119012
,,,,,,,,,0.922488451,0.812932164
,,,,,,,,,1.391181125,0.524702745
,,,,,,,,,0.829439753,0.925676165
,,,,,,,,,0.843751888,0.998897071
,,,,,,,,,1.278666338,0.489453859
,,,,,,,,,1.102480393,0.476653816
,,,,,,,,,1.601541751,1.601248274
,,,,,,,,,1.166587655,0.826155733
,,,,,,,,,0.910475773,0.91490309
,,,,,,,,,0.834990166,0.498474243
,,,,,,,,,1.336549209,0.744019179
,,,,,,,,,1.228752273,0.854442951
,,,,,,,,,0.438651081,1.109036419
,,,,,,,,,1.464882671,1.066210869
,,,,,,,,,1.532161597,1.269697445
,,,,,,,,,1.695938406,0.620620587
,,,,,,,,,1.226096004,1.005153407
,,,,,,,,,1.164803594,1.102930312
,,,,,,,,,1.535888302,0.637996281
,,,,,,,,,1.494299856,1.211338572
,,,,,,,,,0.649130645,1.045827615
,,,,,,,,,1.30840069,1.439698301
,,,,,,,,,0.480398111,0.605977846
,,,,,,,,,0.610396696,0.393797203
,,,,,,,,,0.748007276,0.591512501
,,,,,,,,,0.817149555,1.183610382
,,,,,,,,,1.413898169,0.819003904
,,,,,,,,,1.503537328,0.814292423
,,,,,,,,,1.55452183,0.726615991
,,,,,,,,,1.400378951,0.406856467
,,,,,,,,,0.939694729,1.077566537
,,,,,,,,,0.726281376,0.653638596
,,,,,,,,,0.410304333,0.603400032
,,,,,,,,,1.318431078,1.349160614
,,,,,,,,,1.592780029,1.524152138
,,,,,,,,,0.673790334,1.452002157
,,,,,,,,,1.051178725,0.477304488
,,,,,,,,,1.419250352,1.167388092
,,,,,,,,,1.687612787,0.691507845
,,,,,,,,,0.580186595,0.472971038
,,,,,,,,,0.50779336,1.012836444
,,,,,,,,,1.078772203,0.722793129
,,,,,,,,,1.163574574,1.340544773
,,,,,,,,,0.579869429,0.364764396
,,,,,,,,,0.468583662,1.498489211
,,,,,,,,,1.299163218,0.776404518
,,,,,,,,,1.546434086,0.877719208
,,,,,,,,,1.335756293,0.977990138
,,,,,,,,,0.762081536,1.062457067
,,,,,,,,,1.689634723,1.241984312
,,,,,,,,,0.878243736,0.708936562
,,,,,,,,,0.574794766,1.402011686
,,,,,,,,,0.819250782,0.920131705
,,,,,,,,,0.788683869,1.182257325
,,,,,,,,,0.707291037,0.603062258
,,,,,,,,,1.510832156,0.596060005
,,,,,,,,,0.549778265,1.206378015
,,,,,,,,,0.743210134,0.983805601
,,,,,,,,,1.307369899,0.709321467
,,,,,,,,,0.717638591,0.78631614
,,,,,,,,,0.510013525,0.738344454
,,,,,,,,,1.120083129,0.940260974
,,,,,,,,,0.918325642,1.086781665
,,,,,,,,,1.610937806,1.304133318
,,,,,,,,,0.592437148,0.930100931
,,,,,,,,,1.052962786,0.974524687
,,,,,,,,,1.160640785,1.420361425
,,,,,,,,,1.616329635,1.129911604
,,,,,,,,,1.01042284,0.859522645
,,,,,,,,,0.99559531,0.311671122
,,,,,,,,,0.638029821,0.827475734
,,,,,,,,,0.480318819,0.644016635
,,,,,,,,,0.911506564,1.123794369
,,,,,,,,,1.1996919,0.864234126
,,,,,,,,,0.965900605,1.002945443
,,,,,,,,,1.185102245,0.772184969
,,,,,,,,,0.991432501,0.873253528
,,,,,,,,,1.179710416,0.412976974
,,,,,,,,,0.744518445,0.47422787
,,,,,,,,,1.559160388,1.498680354
,,,,,,,,,1.543817463,1.239726597
,,,,,,,,,1.179512187,0.277396281
,,,,,,,,,0.415061829,0.826724908
,,,,,,,,,1.30717167,0.919469577
,,,,,,,,,1.019660312,1.254303879
,,,,,,,,,0.810052956,0.765679884
,,,,,,,,,1.312880665,1.036843562
,,,,,,,,,0.465887747,0.897564707
,,,,,,,,,0.821233072,0.748621343
,,,,,,,,,1.069217565,1.159867396
,,,,,,,,,1.069019336,0.181185833
,,,,,,,,,1.019739604,0.597636281
,,,,,,,,,0.61896019,0.735392864
,,,,,,,,,1.015616441,1.000392504
,,,,,,,,,1.153623478,0.894172571
,,,,,,,,,0.672719897,0.502065377
,,,,,,,,,1.607488621,1.001445427
,,,,,,,,,0.503749489,0.469216254
,,,,,,,,,1.429994365,1.10214152
,,,,,,,,,0.903537758,0.88240025
,,,,,,,,,0.69111555,0.709897842
,,,,,,,,,1.552143081,1.080180354
,,,,,,,,,1.410369693,0.921257617
,,,,,,,,,1.412748441,1.247517643
,,,,,,,,,0.808823936,1.097080155
,,,,,,,,,1.563442135,0.782061569
,,,,,,,,,1.270301074,0.903709435
,,,,,,,,,0.489595937,0.716432383
,,,,,,,,,0.902506967,1.012456449
,,,,,,,,,0.847954343,1.119007281
,,,,,,,,,1.525778623,0.644474855
,,,,,,,,,0.689371134,0.51476723
,,,,,,,,,1.131937224,1.701072113
,,,,,,,,,0.781626916,1.198857319
,,,,,,,,,0.926968427,1.136534844
,,,,,,,,,1.674529673,0.737284985
,,,,,,,,,1.130073871,1.209726947
,,,,,,,,,0.75883058,0.860056471
,,,,,,,,,0.565676232,1.316623081
,,,,,,,,,1.695462656,1.14745684
,,,,,,,,,0.919515016,0.959258767
,,,,,,,,,1.45053089,0.799404207
,,,,,,,,,0.758870226,0.593426551
,,,,,,,,,1.255711419,0.935375041
,,,,,,,,,0.472112138,0.6788001
,,,,,,,,,0.442774245,1.020000056
,,,,,,,,,1.304555047,0.539398508
,,,,,,,,,0.558381404,0.946830536
,,,,,,,,,1.036509778,0.447351315
,,,,,,,,,0.75712581,1.079191908
,,,,,,,,,0.765847887,0.850646272
,,,,,,,,,1.166865176,0.511388186
,,,,,,,,,1.61732078,0.968871563
,,,,,,,,,1.439985107,1.346073522
,,,,,,,,,1.481573554,1.348053032
,,,,,,,,,0.878600548,0.870619419
,,,,,,,,,1.525857915,1.354804573
,,,,,,,,,1.114849883,0.456116405
,,,,,,,,,1.669811822,0.841722115
,,,,,,,,,1.33805575,0.84520393
,,,,,,,,,1.086344552,0.320830281
,,,,,,,,,0.573288226,0.792509962
,,,,,,,,,0.808942874,0.96297362
,,,,,,,,,0.500221012,1.250909124
,,,,,,,,,1.025091787,0.862390773
,,,,,,,,,1.521377939,0.888972431
,,,,,,,,,0.961658504,0.823259457
,,,,,,,,,1.162147325,0.986910368
,,,,,,,,,0.421325866,0.928175099
,,,,,,,,,0.548985349,0.588199572
,,,,,,,,,1.646619028,0.783761892
,,,,,,,,,1.178203875,1.349012675
,,,,,,,,,1.541438715,0.784646256
,,,,,,,,,1.420479372,0.957034437
,,,,,,,,,0.802203087,1.348126347
,,,,,,,,,0.474371949,1.445924854
,,,,,,,,,0.649566749,0.512046714
,,,,,,,,,0.584270113,1.290314718
,,,,,,,,,0.746064631,1.54885935
,,,,,,,,,0.869838826,0.823693129
,,,,,,,,,1.697405301,1.382524253
,,,,,,,,,1.478441535,0.826611007
,,,,,,,,,0.496811473,1.17603339
,,,,,,,,,1.343566516,0.779275265
,,,,,,,,,0.806603771,0.962477433
,,,,,,,,,0.837012102,0.915145619
,,,,,,,,,0.642628734,0.692309729
,,,,,,,,,1.128725914,0.791019439
,,,,,,,,,0.531898008,0.714454838
,,,,,,,,,1.275137862,0.590373498
,,,,,,,,,0.823849695,0.427422681
,,,,,,,,,1.581679204,0.461338801
,,,,,,,,,0.519449226,0.495946179
,,,,,,,,,1.152632333,0.909943515
,,,,,,,,,0.425012925,0.75960258
,,,,,,,,,1.019977479,0.891131956
,,,,,,,,,1.46337613,0.596560774
,,,,,,,,,1.704184733,0.8435203
,,,,,,,,,0.731237101,1.341893248
,,,,,,,,,0.757403331,0.94489063
,,,,,,,,,1.452671764,0.469487259
,,,,,,,,,0.62244902,0.697992964
,,,,,,,,,0.95678207,1.029887785
,,,,,,,,,0.941716665,1.32381975
,,,,,,,,,0.826149152,1.104314136
,,,,,,,,,1.689912244,0.650054663
,,,,,,,,,0.690600154,0.86811623
,,,,,,,,,0.525752909,0.89443703
,,,,,,,,,1.122501523,1.282957017
,,,,,,,,,0.552394888,0.956607638
,,,,,,,,,1.166984113,1.171885847
,,,,,,,,,0.762557285,1.109179776
,,,,,,,,,1.252460463,0.121119763
,,,,,,,,,0.912220188,0.726456923
,,,,,,,,,1.017757314,0.962297419
,,,,,,,,,0.573724329,0.962951036
,,,,,,,,,1.163376345,0.813831584
,,,,,,,,,0.44895899,0.720575345
,,,,,,,,,0.998608391,0.745370928
,,,,,,,,,1.369256996,0.625075792
,,,,,,,,,0.533364903,0.589545429
,,,,,,,,,0.745430299,0.909216582
,,,,,,,,,1.654429251,1.194559872
,,,,,,,,,0.573763975,0.506216194
,,,,,,,,,1.466785669,0.798349319
,,,,,,,,,1.31264279,1.260953957
,,,,,,,,,0.62169575,1.046177826
,,,,,,,,,0.531184384,0.607128632
,,,,,,,,,1.428329241,0.928639865
,,,,,,,,,0.812709225,0.953514
,,,,,,,,,0.813303912,1.353890752
,,,,,,,,,1.650504317,1.152035765
,,,,,,,,,0.977913283,0.984632361
,,,,,,,,,0.649566749,0.894767275
,,,,,,,,,1.108625492,1.350873047
,,,,,,,,,1.268001617,1.382613278
,,,,,,,,,0.850808841,0.926339601
,,,,,,,,,1.548654251,0.784024714
,,,,,,,,,1.580133018,0.920374562
,,,,,,,,,0.864645226,1.189561348
,,,,,,,,,1.25305515,1.07751286
,,,,,,,,,1.28619904,1.094641444
,,,,,,,,,1.373895555,0.966246619
,,,,,,,,,1.543500297,0.323320379
,,,,,,,,,1.301700549,0.843542556
,,,,,,,,,1.078415391,1.43445103
,,,,,,,,,0.49070602,0.536573256
,,,,,,,,,0.798753903,1.207697033
,,,,,,,,,1.085551636,0.623539447
,,,,,,,,,1.509206678,1.227602756
,,,,,,,,,0.4729447,0.736067756
,,,,,,,,,1.658948872,1.028257832
,,,,,,,,,1.679009648,0.94099478
,,,,,,,,,0.703445394,0.911640565
,,,,,,,,,0.953412177,0.387342849
,,,,,,,,,0.468781891,0.42665549
,,,,,,,,,1.686819871,0.852411728
,,,,,,,,,1.606735351,0.415272001
,,,,,,,,,1.36251721,0.780525551
,,,,,,,,,0.767116552,0.760917016
,,,,,,,,,1.241280347,0.977122793
,,,,,,,,,0.806128022,0.71085683
,,,,,,,,,0.851681048,1.059115335
,,,,,,,,,1.337540354,1.06042388
,,,,,,,,,1.637421202,0.813785762
,,,,,,,,,0.828646837,0.930233488
,,,,,,,,,0.53320632,0.864322824
,,,,,,,,,0.693335715,0.789454946
,,,,,,,,,1.134871013,1.277443324
,,,,,,,,,1.463931172,0.953536256
,,,,,,,,,1.094908045,1.120242511
,,,,,,,,,1.14878669,0.836765485
,,,,,,,,,1.093639379,1.003579095
,,,,,,,,,1.654468897,0.850243694
,,,,,,,,,1.188194617,0.919888849
,,,,,,,,,1.474952705,1.025396904
,,,,,,,,,0.887600145,1.374747608
,,,,,,,,,1.277159797,0.904193838
,,,,,,,,,1.340394852,0.955845029
,,,,,,,,,1.564750446,1.173504017
,,,,,,,,,0.960389838,0.614657183
,,,,,,,,,0.582604989,1.348716796
,,,,,,,,,0.602348599,1.008548161
,,,,,,,,,1.609867369,1.116986532
,,,,,,,,,1.559913659,0.199210891
,,,,,,,,,0.90587686,1.264793184
,,,,,,,,,1.074490457,0.99927052
,,,,,,,,,1.026082932,0.630596686
,,,,,,,,,0.927523468,1.262501431
,,,,,,,,,0.51790304,0.842643791
,,,,,,,,,1.027748056,0.585125572
,,,,,,,,,0.416370141,0.934155195
,,,,,,,,,1.264076683,1.202153228
,,,,,,,,,0.923479596,0.648345503
,,,,,,,,,0.855566337,0.764991245
,,,,,,,,,1.414770377,0.726536457
,,,,,,,,,1.565345134,0.972728465
,,,,,,,,,0.586529924,1.355264102
,,,,,,,,,1.274622466,1.127500713
,,,,,,,,,1.204766563,0.983897245
,,,,,,,,,1.238465495,0.999737904
,,,,,,,,,0.481983943,1.177568427
,,,,,,,,,1.121748253,0.97826376
,,,,,,,,,1.23898089,0.703347262
,,,,,,,,,1.386621857,1.094669264
,,,,,,,,,1.053517827,0.919182535
,,,,,,,,,1.446249144,0.622522853
,,,,,,,,,0.970816684,0.796940293
,,,,,,,,,1.691498076,1.217601782
,,,,,,,,,0.686556282,0.757064042
,,,,,,,,,1.160521847,1.468296453
,,,,,,,,,1.321800971,1.180273887
,,,,,,,,,0.566231273,0.978035632
,,,,,,,,,1.257257605,1.484043504
,,,,,,,,,1.340236269,0.543760761
,,,,,,,,,1.686621642,0.936506844
,,,,,,,,,1.705175878,0.920595162
,,,,,,,,,0.987705796,1.153198988
,,,,,,,,,0.83939085,0.848923693
,,,,,,,,,0.908731358,0.775146378
,,,,,,,,,0.925937636,0.811015496
,,,,,,,,,0.954284385,0.810391008
,,,,,,,,,1.610699931,0.714943169
,,,,,,,,,1.618153342,0.964936437
,,,,,,,,,0.600128434,0.767888503
,,,,,,,,,1.581282746,0.906859041
,,,,,,,,,1.199572963,0.999340562
,,,,,,,,,1.083212533,0.611319379
,,,,,,,,,0.885023168,0.922251299
,,,,,,,,,1.177014501,0.612993191
,,,,,,,,,1.195489445,1.155602024
,,,,,,,,,0.445430514,0.824628552
,,,,,,,,,0.762240119,0.32864882
,,,,,,,,,1.424642182,0.883106563
,,,,,,,,,1.314625081,0.655669165
,,,,,,,,,1.199017921,0.417627251
,,,,,,,,,0.966495292,0.66527607
,,,,,,,,,0.706735996,1.196644772
,,,,,,,,,1.401132221,0.768427239
,,,,,,,,,1.297498094,1.290920877
,,,,,,,,,1.537949884,1.443429519
,,,,,,,,,0.961341337,0.671103971
,,,,,,,,,0.50826911,0.441004316
,,,,,,,,,1.3210477,1.218369627
,,,,,,,,,1.670644384,1.126361055
,,,,,,,,,1.153385603,0.828862503
,,,,,,,,,1.0566102,1.031570434
,,,,,,,,,0.608216177,0.685264927
,,,,,,,,,1.086185968,1.035269249
,,,,,,,,,0.462002459,1.156058935
,,,,,,,,,0.734329474,1.639131269
,,,,,,,,,1.581124163,0.43079256
,,,,,,,,,1.511109676,0.930521512
,,,,,,,,,1.155248956,0.639495315
,,,,,,,,,0.923321013,0.613537163
,,,,,,,,,0.868768389,0.77609031
,,,,,,,,,0.991591084,0.963063627
,,,,,,,,,0.475957781,1.090187547
,,,,,,,,,1.324457239,0.748748008
,,,,,,,,,1.046064417,1.03815047
,,,,,,,,,0.410026812,0.878138806
,,,,,,,,,0.484243754,0.941461837
,,,,,,,,,0.472468951,1.035097417
,,,,,,,,,0.808308541,0.902696114
,,,,,,,,,0.64663296,1.270551043
,,,,,,,,,0.496375369,0.720762888
,,,,,,,,,1.692885679,0.911265807
,,,,,,,,,1.295515804,0.626326732
,,,,,,,,,0.656940868,0.645291795
,,,,,,,,,1.066045901,0.557503427
,,,,,,,,,1.320849471,0.510452109
,,,,,,,,,0.676724123,0.747759562
,,,,,,,,,0.89029606,0.97705406
,,,,,,,,,1.03611332,0.867650482
,,,,,,,,,1.605466685,0.788909009
,,,,,,,,,0.418511014,0.949665935
,,,,,,,,,1.534857512,0.098130221
,,,,,,,,,1.017360856,0.921986513
,,,,,,,,,0.435677646,1.002077771
,,,,,,,,,0.544386436,0.649797405
,,,,,,,,,1.313237477,0.94371006
,,,,,,,,,1.318431078,1.225055054
,,,,,,,,,1.610937806,1.041070312
,,,,,,,,,0.813264266,0.914836975
,,,,,,,,,0.604053368,0.493864552
,,,,,,,,,1.187084535,0.206280568
,,,,,,,,,1.689674369,0.951320436
,,,,,,,,,0.713475782,1.17343463
,,,,,,,,,1.623069421,1.090899424
,,,,,,,,,1.677622045,1.187853497
,,,,,,,,,1.036509778,1.084183558
,,,,,,,,,0.910356836,1.170516424
,,,,,,,,,1.644042051,1.086835997
,,,,,,,,,0.817506367,0.834438383
,,,,,,,,,1.596268859,1.160529196
,,,,,,,,,1.641702949,1.266120713
,,,,,,,,,0.5735261,0.993498259
,,,,,,,,,1.574582605,0.80605494
,,,,,,,,,1.342139267,0.7526072
,,,,,,,,,0.699203293,0.997194784
,,,,,,,,,0.672680252,1.270249273
,,,,,,,,,0.51298696,1.394077938
,,,,,,,,,1.189225408,1.181369687
,,,,,,,,,0.780834,1.005765458
,,,,,,,,,1.551667332,1.000743369
,,,,,,,,,1.022831977,1.034459182
,,,,,,,,,0.54359352,0.628985062
,,,,,,,,,1.570499088,0.701644976
,,,,,,,,,0.708559703,0.977031476
,,,,,,,,,0.824127216,0.965726866
,,,,,,,,,1.176419814,0.947187293
,,,,,,,,,0.620030626,1.522099313
,,,,,,,,,1.43891467,1.135058721
,,,,,,,,,1.527443747,0.792793404
,,,,,,,,,0.78876316,1.005106276
,,,,,,,,,0.475442386,0.957550916
,,,,,,,,,0.713237907,1.063593452
,,,,,,,,,1.643883468,1.33135812
,,,,,,,,,1.153345957,0.904876586
,,,,,,,,,0.652698767,0.733337094
,,,,,,,,,0.420612241,0.85417522
,,,,,,,,,1.340077686,0.595056504
,,,,,,,,,0.507238319,0.612011946
,,,,,,,,,0.486107107,0.673516826
,,,,,,,,,1.584414764,1.054370142
,,,,,,,,,1.116515007,1.264499269
,,,,,,,,,1.576961354,1.332101746
,,,,,,,,,0.548073495,1.051836513
,,,,,,,,,1.564472926,0.519950351
,,,,,,,,,0.620109918,0.801837354
,,,,,,,,,1.012524068,0.515523293
,,,,,,,,,1.381864361,0.531369188
,,,,,,,,,0.619396294,0.962252251
,,,,,,,,,0.555011511,1.269147582
,,,,,,,,,0.705903434,0.679510996
,,,,,,,,,1.536601927,0.688109817
,,,,,,,,,1.468371501,0.874580402
,,,,,,,,,0.911704793,1.342107957
,,,,,,,,,1.574344731,0.991065767
,,,,,,,,,1.440738377,1.206184253
,,,,,,,,,0.431514837,1.410135269
,,,,,,,,,1.076314164,1.063490025
,,,,,,,,,0.796454446,0.754414223
,,,,,,,,,0.812709225,0.752154544
,,,,,,,,,0.556478405,0.926582785
,,,,,,,,,1.535848657,0.402189171
,,,,,,,,,1.149302085,1.118684564
,,,,,,,,,1.341941038,1.07340852
,,,,,,,,,1.13990603,0.661159947
,,,,,,,,,1.049196435,1.350425301
,,,,,,,,,1.470076271,0.718535612
,,,,,,,,,1.039522859,0.430123559
,,,,,,,,,0.547280579,1.1661725
,,,,,,,,,0.691710237,0.834754555
,,,,,,,,,1.572798544,0.934133266
,,,,,,,,,1.085432698,0.588357985
,,,,,,,,,0.516911895,1.088958536
,,,,,,,,,0.848786905,0.541181638
,,,,,,,,,1.037778444,0.310597579
,,,,,,,,,1.178996791,0.643294612
,,,,,,,,,0.784362476,1.071382534
,,,,,,,,,1.266732952,0.688109817
,,,,,,,,,0.520321434,0.640921688
,,,,,,,,,1.620928548,1.273333092
,,,,,,,,,0.793124199,0.908863753
,,,,,,,,,0.629149161,0.815259594
,,,,,,,,,0.585459487,0.639761082
,,,,,,,,,1.1250785,0.901022303
,,,,,,,,,1.225620255,0.306025854
,,,,,,,,,0.571068061,1.040996015
,,,,,,,,,1.51995069,0.957955131
,,,,,,,,,0.793243136,0.283450019
,,,,,,,,,1.334606565,0.884209564
,,,,,,,,,1.505361035,1.356108536
,,,,,,,,,0.426440174,1.630050662
,,,,,,,,,0.653253809,0.0006001
,,,,,,,,,1.697088134,0.885532837
,,,,,,,,,1.668860323,0.558264072
,,,,,,,,,0.742972259,1.130214029
,,,,,,,,,0.492529727,0.557144707
,,,,,,,,,0.576420244,0.774467885
,,,,,,,,,1.052605974,1.312107652
,,,,,,,,,0.614083756,0.842688958
,,,,,,,,,0.481191027,1.017604221
,,,,,,,,,1.30943148,0.973569298
,,,,,,,,,0.839034038,1.13975351
,,,,,,,,,1.238148328,1.028597896
,,,,,,,,,1.625170649,0.930410557
,,,,,,,,,0.7166078,0.733467686
,,,,,,,,,1.308638564,0.353662385
,,,,,,,,,1.616924322,0.790545836
,,,,,,,,,1.542984901,1.128885191
,,,,,,,,,0.635056385,0.880347425
,,,,,,,,,0.530906863,0.790972308
,,,,,,,,,1.346421014,1.028549456
,,,,,,,,,1.19600484,0.316928867
,,,,,,,,,0.880741421,1.506517222
,,,,,,,,,0.700194438,1.096441593
,,,,,,,,,1.258328041,1.340756863
,,,,,,,,,1.178084938,0.425283449
,,,,,,,,,1.449143287,1.1083792
,,,,,,,,,1.046619458,1.134139663
,,,,,,,,,1.465517004,1.050750533
,,,,,,,,,0.595133063,1.706455541
,,,,,,,,,0.841452432,0.963402056
,,,,,,,,,1.071239501,0.680249711
,,,,,,,,,0.912894167,0.407525468
,,,,,,,,,0.525158222,0.511498159
,,,,,,,,,1.436892734,1.189014757
,,,,,,,,,0.830549836,0.62639612
,,,,,,,,,0.583675426,0.610552188
,,,,,,,,,1.705651627,0.944935143
,,,,,,,,,1.003445179,1.296513777
,,,,,,,,,1.233271894,1.033454044
,,,,,,,,,1.471979269,1.180697413
,,,,,,,,,1.0358358,1.11757109
,,,,,,,,,0.754945291,1.737247911
,,,,,,,,,1.46781646,1.229118154
,,,,,,,,,0.770962195,0.503894984
,,,,,,,,,1.225263442,0.316928867
,,,,,,,,,1.25135038,1.109179776
,,,,,,,,,0.420889762,0.947008915
,,,,,,,,,0.770962195,0.885819552
,,,,,,,,,0.501053574,0.513683213
,,,,,,,,,0.960865588,1.168710383
,,,,,,,,,0.503670197,0.917439336
,,,,,,,,,1.439747232,0.846303003
,,,,,,,,,1.388762731,0.524857885
,,,,,,,,,1.259398478,0.774637426
,,,,,,,,,1.260746435,0.711020807
,,,,,,,,,1.571529879,1.5159068
,,,,,,,,,1.58171885,0.995426056
,,,,,,,,,1.506233242,1.045927442
,,,,,,,,,0.664037467,0.915167548
,,,,,,,,,1.562292407,0.845585235
,,,,,,,,,0.717242133,1.075257764
,,,,,,,,,0.963244336,1.099198112
,,,,,,,,,0.56087909,0.829452952
,,,,,,,,,1.518999191,0.599050217
,,,,,,,,,1.664419993,1.078258449
,,,,,,,,,1.589132615,0.809048424
,,,,,,,,,1.700735548,0.656048178
,,,,,,,,,0.751733981,0.595867553
,,,,,,,,,1.168014904,0.920065263
,,,,,,,,,1.194537946,1.14940231
,,,,,,,,,1.697999988,1.280946087
,,,,,,,,,1.449619037,1.008973651
,,,,,,,,,0.417638806,0.689409198
,,,,,,,,,0.869600951,1.118508477
,,,,,,,,,0.842800389,0.981763905
,,,,,,,,,0.505295675,0.555070935
,,,,,,,,,0.507595131,1.18183118
,,,,,,,,,0.579988366,1.034999227
,,,,,,,,,0.535347193,0.912566169
,,,,,,,,,0.868847681,0.697823423
,,,,,,,,,1.664182118,1.187346837
,,,,,,,,,1.646619028,1.13975351
,,,,,,,,,0.556081947,1.359606717
,,,,,,,,,0.41363458,0.524651031
,,,,,,,,,1.085630927,0.843407709
,,,,,,,,,1.697207072,1.307812169
,,,,,,,,,0.732862579,0.426398887
,,,,,,,,,1.387137253,0.537502788
,,,,,,,,,0.476473177,0.599545749
,,,,,,,,,0.804740419,0.773376013
,,,,,,,,,1.524589249,0.936351377
,,,,,,,,,1.027827348,1.472192631
,,,,,,,,,1.233509769,1.134446016
,,,,,,,,,0.503947718,0.88630461
,,,,,,,,,1.288894955,0.699485451
,,,,,,,,,1.223875839,0.734769031
,,,,,,,,,0.963125398,0.708854082
,,,,,,,,,1.409457839,0.79881834
,,,,,,,,,1.640830741,0.975003199
,,,,,,,,,1.69268745,1.136657908
,,,,,,,,,0.46576881,0.585767079
,,,,,,,,,0.613330486,1.243277801
,,,,,,,,,0.4833319,0.678622376
,,,,,,,,,1.566058758,0.730591375
,,,,,,,,,1.090665944,0.281240091
,,,,,,,,,1.081507764,0.68019047
,,,,,,,,,1.004357033,0.819943582
,,,,,,,,,1.140461072,1.234581444
,,,,,,,,,1.596268859,1.263766772
,,,,,,,,,0.449831198,0.926582785
,,,,,,,,,0.632400117,0.971774059
,,,,,,,,,1.397127995,1.095665237
,,,,,,,,,1.701211298,1.346512104
,,,,,,,,,1.318708598,1.344188275
,,,,,,,,,1.236562496,0.679451754
,,,,,,,,,0.845020554,0.557099539
,,,,,,,,,0.675138291,1.370359171
,,,,,,,,,1.353359029,0.601895107
,,,,,,,,,0.664632154,0.656963308
,,,,,,,,,1.582154954,0.796093896
,,,,,,,,,0.752725126,1.027747571
,,,,,,,,,1.391300062,1.076264538
,,,,,,,,,0.411255832,1.409293453
,,,,,,,,,0.744161633,0.796634923
,,,,,,,,,1.121708607,0.849214663
,,,,,,,,,1.555869787,0.742048834
,,,,,,,,,1.200365879,0.832423853
,,,,,,,,,1.320571951,1.055794551
,,,,,,,,,1.362358626,0.577630405
,,,,,,,,,1.493189774,0.985092217
,,,,,,,,,0.488882313,0.64953982
,,,,,,,,,1.619382362,1.319457498
,,,,,,,,,1.38800946,0.627192768
,,,,,,,,,0.712801803,0.445976655
,,,,,,,,,1.349790907,0.582096739
,,,,,,,,,1.257059376,0.849281759
,,,,,,,,,1.175032211,0.724017558
,,,,,,,,,0.859451626,0.613537163
,,,,,,,,,1.272759113,1.633936366
,,,,,,,,,1.142958757,0.718642967
,,,,,,,,,1.621840402,1.115529066
,,,,,,,,,0.700075501,1.23683523
,,,,,,,,,1.519237066,0.845899115
,,,,,,,,,1.558050306,0.833782147
,,,,,,,,,0.731633559,0.859500388
,,,,,,,,,1.242311137,0.772160421
,,,,,,,,,1.672547383,0.80136997
,,,,,,,,,0.479882716,1.052494059
,,,,,,,,,0.748760546,0.737776262
,,,,,,,,,1.37639324,0.859277824
,,,,,,,,,0.533721715,1.027869327
,,,,,,,,,1.450174078,0.515846011
,,,,,,,,,0.956821716,0.841159813
,,,,,,,,,1.455843428,0.886018223
,,,,,,,,,0.480715278,0.70158868
,,,,,,,,,0.659597137,0.794445614
,,,,,,,,,0.861671791,0.927422964
,,,,,,,,,1.705096586,1.091941547
,,,,,,,,,1.366362852,0.875243839
,,,,,,,,,1.518880253,1.385772376
,,,,,,,,,1.459252967,0.028166603
,,,,,,,,,1.177093793,0.886767739
,,,,,,,,,0.559134674,0.639130048
,,,,,,,,,1.708149313,0.601592682
,,,,,,,,,0.730483831,0.464487426
,,,,,,,,,1.03781809,0.725397781
,,,,,,,,,0.791181554,0.477239028
,,,,,,,,,0.97331437,0.507058664
,,,,,,,,,0.942628519,0.743610054
,,,,,,,,,1.011889735,1.349235239
,,,,,,,,,0.846527094,0.986657038
,,,,,,,,,0.643778462,1.374747608
,,,,,,,,,0.51619827,1.041839794
,,,,,,,,,0.56087909,0.735392864
,,,,,,,,,0.633391262,0.915983834
,,,,,,,,,1.568952902,1.255759708
,,,,,,,,,1.026677619,0.947901462
,,,,,,,,,1.424047495,0.955620501
,,,,,,,,,0.869719888,1.137429027
,,,,,,,,,1.326796342,1.193080476
,,,,,,,,,0.801925567,1.04888656
,,,,,,,,,1.006616843,0.714617833
,,,,,,,,,1.644597092,0.782804212
,,,,,,,,,1.299876842,1.315499788
,,,,,,,,,0.487732584,1.111246347
,,,,,,,,,0.528092011,1.051356365
,,,,,,,,,0.870671388,0.744707818
,,,,,,,,,1.087811446,0.924924684
,,,,,,,,,1.136337908,1.026098962
,,,,,,,,,0.526902637,0.856405113
,,,,,,,,,0.787534141,1.261002397
,,,,,,,,,1.244412365,1.197580195
,,,,,,,,,0.703564332,1.015335706
,,,,,,,,,1.137725511,1.180344584
,,,,,,,,,1.446011269,0.652235135
,,,,,,,,,0.902506967,1.19526553
,,,,,,,,,0.688221406,1.287363783
,,,,,,,,,0.524246368,0.900251512
,,,,,,,,,1.025408954,0.795929264
,,,,,,,,,0.881336109,0.90937074
,,,,,,,,,1.517730525,0.929481026
,,,,,,,,,1.0887233,0.863834493
,,,,,,,,,1.400616825,1.206610398
,,,,,,,,,1.438399275,0.822368874
,,,,,,,,,1.012286193,0.918652964
,,,,,,,,,1.251865776,0.79430422
,,,,,,,,,1.136774012,0.763956977
,,,,,,,,,1.362874022,0.614909859
,,,,,,,,,0.513740231,1.031033662
,,,,,,,,,0.612101466,1.168812501
,,,,,,,,,1.609351974,0.777226041
,,,,,,,,,0.563257838,0.770186803
,,,,,,,,,0.533008091,0.533961403
,,,,,,,,,1.473684039,0.510783336
,,,,,,,,,0.633074095,1.587978229
,,,,,,,,,1.155645414,1.110757361
,,,,,,,,,0.896163639,0.709074028
,,,,,,,,,0.77639367,0.391602984
,,,,,,,,,0.596917124,0.835500799
,,,,,,,,,1.408744215,0.695757506
,,,,,,,,,1.532359826,0.369666039
,,,,,,,,,0.885023168,1.567046748
,,,,,,,,,1.590440926,0.493804984
,,,,,,,,,0.937752085,0.893621726
,,,,,,,,,0.696665962,0.39358904
,,,,,,,,,0.793084553,0.502753362
,,,,,,,,,1.322911053,0.711841021
,,,,,,,,,1.109537346,0.644311205
,,,,,,,,,1.061129821,0.868802905
,,,,,,,,,1.39641437,1.091749422
,,,,,,,,,0.900881489,0.688745434
,,,,,,,,,0.863455852,0.710172119
,,,,,,,,,0.979935219,0.990764978
,,,,,,,,,0.680490475,0.533018125
,,,,,,,,,0.590890962,1.063877548
,,,,,,,,,0.491221415,1.174471515
,,,,,,,,,0.849698758,1.164391989
,,,,,,,,,0.78527433,1.081761212
,,,,,,,,,1.522527667,0.60155537
,,,,,,,,,0.588670797,0.869711489
,,,,,,,,,0.570869832,0.747404769
,,,,,,,,,1.492515795,1.091392665
,,,,,,,,,1.35438982,0.672674356
,,,,,,,,,0.928712842,1.050977679
,,,,,,,,,1.142483007,0.489026406
,,,,,,,,,0.80010186,0.864434106
,,,,,,,,,1.158341328,0.757487896
,,,,,,,,,0.757680852,1.146726306
,,,,,,,,,0.687864594,0.946451196
,,,,,,,,,0.512590502,1.033062266
,,,,,,,,,1.151720479,0.750743882
,,,,,,,,,1.36771081,0.972478408
,,,,,,,,,0.54038221,0.896948074
,,,,,,,,,1.136813658,0.434015809
,,,,,,,,,1.23303402,0.755165376
,,,,,,,,,0.755183166,0.715810186
,,,,,,,,,1.294247138,0.713639861
,,,,,,,,,0.900841843,0.622417463
,,,,,,,,,0.839747662,1.144228354
,,,,,,,,,0.704476185,0.558264072
,,,,,,,,,0.552910283,0.541469662
,,,,,,,,,1.372270077,0.424593501
,,,,,,,,,1.092767172,1.175372899
,,,,,,,,,0.517823748,0.588793948
,,,,,,,,,0.859570563,0.757463021
,,,,,,,,,0.717519654,1.189378715
,,,,,,,,,1.147795545,0.976256103
,,,,,,,,,1.627589043,0.731168078
,,,,,,,,,0.569204708,1.110930176
,,,,,,,,,0.461843876,0.515253598
,,,,,,,,,0.811480205,0.715051833
,,,,,,,,,1.209365476,0.753109605
,,,,,,,,,0.830430899,0.554890265
,,,,,,,,,1.595555235,0.933977798
,,,,,,,,,1.343368287,0.480204365
,,,,,,,,,1.630522832,0.754789963
,,,,,,,,,1.435584423,1.204488185
,,,,,,,,,1.59579311,1.265284134
,,,,,,,,,0.911704793,1.252437615
,,,,,,,,,0.861235687,0.902387798
,,,,,,,,,0.52036108,0.932936003
,,,,,,,,,0.687150969,0.772306397
,,,,,,,,,1.307369899,0.496064007
,,,,,,,,,1.07540231,0.917638007
,,,,,,,,,0.751337523,0.956607638
,,,,,,,,,1.628976646,0.759800924
,,,,,,,,,1.598290795,1.11695773
,,,,,,,,,0.568927187,1.167117742
,,,,,,,,,0.606313179,0.952439147
,,,,,,,,,0.960191609,0.940216461
,,,,,,,,,0.524563535,1.027286733
,,,,,,,,,1.026043286,0.80377366
,,,,,,,,,0.668596734,1.308291336
,,,,,,,,,1.458222176,0.882377994
,,,,,,,,,1.505043868,0.661066994
,,,,,,,,,0.457562129,0.729804219
,,,,,,,,,0.941240916,0.917836351
,,,,,,,,,0.871424658,0.602874388
,,,,,,,,,0.483609421,0.781485849
,,,,,,,,,1.243579803,0.929148816
,,,,,,,,,0.914559291,0.674956945
,,,,,,,,,0.973274724,0.56448277
,,,,,,,,,1.150610397,1.139442575
,,,,,,,,,1.006339323,0.904480226
,,,,,,,,,0.478296884,1.424689639
,,,,,,,,,1.09022984,1.402816844
,,,,,,,,,1.393916685,1.376551685
,,,,,,,,,0.942350998,0.721217835
,,,,,,,,,0.420493304,0.769356443
,,,,,,,,,0.665385424,0.262089121
,,,,,,,,,0.710502347,0.68851436
,,,,,,,,,0.638148758,0.983162784
,,,,,,,,,0.604568764,0.657718716
,,,,,,,,,0.99210648,0.691622399
,,,,,,,,,1.013396276,0.721030619
,,,,,,,,,1.007885509,1.055005758
,,,,,,,,,1.0618038,0.869645047
,,,,,,,,,0.800062214,0.88996415
,,,,,,,,,1.199652254,0.96018077
,,,,,,,,,1.266098619,0.564525973
,,,,,,,,,1.492714024,0.824400751
,,,,,,,,,0.510965025,0.704543543
,,,,,,,,,0.783648852,0.545275505
,,,,,,,,,1.18014652,0.865055321
,,,,,,,,,0.517823748,0.98824706
,,,,,,,,,0.752526897,0.565481689
,,,,,,,,,1.270261428,0.751449541
,,,,,,,,,1.011493277,0.44116142
,,,,,,,,,0.563099254,0.786721337
,,,,,,,,,0.854614838,0.379941945
,,,,,,,,,1.085194823,0.596368322
,,,,,,,,,1.296982699,0.652777798
,,,,,,,,,1.533390617,1.030180064
,,,,,,,,,1.103273309,0.944378079
,,,,,,,,,1.317202058,1.159142099
,,,,,,,,,1.374173075,0.597060888
,,,,,,,,,0.851958569,1.191572278
,,,,,,,,,1.485339905,0.709293973
,,,,,,,,,1.201912065,0.749607824
,,,,,,,,,1.40057718,0.887583371
,,,,,,,,,1.205797354,0.363387118
,,,,,,,,,0.699916918,0.836878077
,,,,,,,,,0.600723121,1.086320499
,,,,,,,,,1.574344731,0.62054989
,,,,,,,,,0.704832997,1.04012867
,,,,,,,,,1.160125389,0.625945101
,,,,,,,,,1.396731537,1.129247185
,,,,,,,,,0.707528912,0.982635177
,,,,,,,,,0.571305935,1.439190332
,,,,,,,,,1.676234442,0.764646925
,,,,,,,,,1.676551609,1.085129128
,,,,,,,,,0.851443174,0.81486847
,,,,,,,,,1.170393652,0.752204949
,,,,,,,,,0.432664565,1.122073427
,,,,,,,,,0.602388244,1.112948307
,,,,,,,,,0.638069466,1.017149929
,,,,,,,,,0.712444991,0.953737873
,,,,,,,,,1.641901178,0.564787158
,,,,,,,,,1.347768971,1.551666273
,,,,,,,,,0.925303303,0.598439475
,,,,,,,,,1.214796951,0.260271952
,,,,,,,,,0.420017554,0.384949633
,,,,,,,,,1.420320789,1.011696786
,,,,,,,,,1.512854091,0.978241177
,,,,,,,,,0.977160012,0.750491861
,,,,,,,,,1.624734545,0.625841019
,,,,,,,,,0.616383213,0.730381903
,,,,,,,,,0.825039069,0.967830095
,,,,,,,,,1.54318313,1.270098715
,,,,,,,,,0.432862794,0.683424847
,,,,,,,,,1.640473929,1.465251256
,,,,,,,,,0.710541993,1.000088442
,,,,,,,,,0.607502553,0.633015432
,,,,,,,,,1.183437121,1.086049495
,,,,,,,,,1.156160809,1.07839166
,,,,,,,,,0.974226223,0.880237125
,,,,,,,,,1.438042463,0.765188279
,,,,,,,,,0.96443371,0.858676902
,,,,,,,,,0.864169476,1.452693415
,,,,,,,,,1.381071445,0.901154532
,,,,,,,,,1.180661915,0.976598131
,,,,,,,,,1.478045077,0.966427615
,,,,,,,,,1.298885697,0.614079826
,,,,,,,,,0.942747456,0.553162122
,,,,,,,,,1.606021727,0.323977597
,,,,,,,,,1.645350362,0.670437589
,,,,,,,,,1.442641376,1.061503969
,,,,,,,,,0.535624714,0.454660575
,,,,,,,,,0.768147343,1.155537219
,,,,,,,,,0.707608203,0.999737904
,,,,,,,,,0.62661183,0.343125948
,,,,,,,,,1.258565916,0.903444976
,,,,,,,,,1.341306705,1.300347113
,,,,,,,,,0.660271116,0.684273208
,,,,,,,,,1.134078097,1.252948857
,,,,,,,,,0.682512411,1.301330322
,,,,,,,,,0.598621893,1.300000176
,,,,,,,,,1.40255947,1.08977744
,,,,,,,,,1.479194805,0.425111944
,,,,,,,,,1.484269468,0.895009804
,,,,,,,,,1.697286363,0.858476594
,,,,,,,,,0.821907051,0.663610768
,,,,,,,,,0.862781873,0.69564426
,,,,,,,,,0.840183766,0.648119012
,,,,,,,,,0.84089739,0.986864219
,,,,,,,,,0.990956752,1.030399355
,,,,,,,,,0.880067443,0.844463251
,,,,,,,,,1.054469327,0.569569009
,,,,,,,,,1.675362235,0.95105205
,,,,,,,,,1.517928754,1.249528574
,,,,,,,,,1.598211504,0.946250561
,,,,,,,,,0.703445394,0.830950676
,,,,,,,,,1.096295648,0.90648461
,,,,,,,,,0.71462551,0.549205721
,,,,,,,,,1.462464277,1.022885859
,,,,,,,,,1.574661897,0.535690201
,,,,,,,,,0.422475594,0.856650261
,,,,,,,,,1.212418203,0.591551777
,,,,,,,,,0.747055777,0.828044253
,,,,,,,,,1.074767977,0.912367825
,,,,,,,,,1.702717838,0.319992394
,,,,,,,,,0.417480223,1.203567164
,,,,,,,,,1.121748253,0.513138586
,,,,,,,,,1.487718653,0.797222426
,,,,,,,,,1.53921855,0.979818107
,,,,,,,,,1.409457839,0.665029941
,,,,,,,,,1.048918914,0.753686962
,,,,,,,,,0.560760152,0.440451834
,,,,,,,,,0.654363891,1.703187779
,,,,,,,,,1.290837599,0.54626395
,,,,,,,,,1.668027761,1.278899808
,,,,,,,,,1.295674387,1.117775979
,,,,,,,,,1.311968812,1.32854596
,,,,,,,,,1.684797935,0.436295125
,,,,,,,,,0.797445591,1.101804401
,,,,,,,,,1.524708186,0.822231408
,,,,,,,,,0.427153799,1.223728835
,,,,,,,,,0.986754297,1.308351559
,,,,,,,,,1.401766554,1.346146837
,,,,,,,,,1.149341731,1.872943814
,,,,,,,,,1.140619655,0.463722854
,,,,,,,,,1.375957137,1.230260431
,,,,,,,,,0.46303325,1.053862827
,,,,,,,,,0.612141112,0.588000574
,,,,,,,,,1.325844843,0.889412977
,,,,,,,,,0.585181966,1.069861899
,,,,,,,,,1.492674378,1.490720421
,,,,,,,,,1.198383589,0.841564683
,,,,,,,,,1.291551224,0.969301635
,,,,,,,,,1.434276112,1.046628191
,,,,,,,,,1.033020948,1.057247762
,,,,,,,,,1.523835979,1.019184425
,,,,,,,,,0.839589079,0.933091143
,,,,,,,,,1.331315963,0.09262111
,,,,,,,,,1.478481181,1.099142144
,,,,,,,,,0.804859356,0.687298768
,,,,,,,,,0.659438554,1.133833965
,,,,,,,,,1.243183345,0.550454698
,,,,,,,,,0.566310564,1.089668122
,,,,,,,,,0.669706816,1.071461086
,,,,,,,,,1.603960145,1.029133031
,,,,,,,,,1.53477822,0.563784966
,,,,,,,,,0.772151569,0.919292836
,,,,,,,,,0.517110124,1.011435928
,,,,,,,,,1.237593287,1.555997105
,,,,,,,,,0.795304718,0.616562723
,,,,,,,,,0.653214163,0.979360869
,,,,,,,,,1.565543363,0.723352484
,,,,,,,,,0.688498927,0.532768722
,,,,,,,,,1.42606943,0.681193317
,,,,,,,,,0.980926364,0.759875548
,,,,,,,,,1.608043662,0.707256532
,,,,,,,,,0.410026812,0.96446218
,,,,,,,,,0.433497127,0.751122241
,,,,,,,,,0.696507379,1.355034992
,,,,,,,,,0.811955955,0.750315119
,,,,,,,,,0.481706423,1.598310431
,,,,,,,,,1.679921502,0.744886524
,,,,,,,,,1.242707595,1.084993626
,,,,,,,,,0.579314388,0.837487509
,,,,,,,,,0.943024977,1.0393857
,,,,,,,,,0.754509187,0.91995529
,,,,,,,,,0.798674611,1.283703261
,,,,,,,,,1.516501505,1.283862983
,,,,,,,,,0.901595113,0.812078566
,,,,,,,,,0.801806629,0.779106379
,,,,,,,,,0.870037055,0.906242408
,,,,,,,,,0.716290634,1.284772877
,,,,,,,,,1.003603762,0.771649506
,,,,,,,,,1.375917491,0.97920082
,,,,,,,,,1.564195405,0.873032274
,,,,,,,,,0.896679034,0.835952473
,,,,,,,,,1.511744009,1.076609512
,,,,,,,,,0.471477806,1.025542225
,,,,,,,,,1.506867575,0.897982996
,,,,,,,,,0.421365512,0.980412811
,,,,,,,,,0.578798992,0.819462451
,,,,,,,,,1.164327844,0.86711862
,,,,,,,,,0.816079118,0.723538718
,,,,,,,,,1.428646408,0.994031758
,,,,,,,,,0.551919138,0.588159641
,,,,,,,,,0.65626689,0.788624258
,,,,,,,,,1.00324695,0.886459096
,,,,,,,,,1.19648059,0.762475946
,,,,,,,,,0.912458063,0.493445608
,,,,,,,,,1.224430881,0.974843477
,,,,,,,,,1.517532296,0.697653881
,,,,,,,,,1.37290441,0.723032712
,,,,,,,,,1.276604756,0.598745173
,,,,,,,,,1.381943653,1.079244931
,,,,,,,,,1.093401504,0.887186683
,,,,,,,,,1.497669749,1.066782661
,,,,,,,,,0.856398899,0.465801862
,,,,,,,,,1.554838996,1.173745564
,,,,,,,,,1.018748459,1.042585383
,,,,,,,,,1.051852704,0.87230174
,,,,,,,,,0.917334497,0.636456663
,,,,,,,,,0.768940259,0.591982504
,,,,,,,,,1.595555235,1.085047957
,,,,,,,,,1.144901401,0.883194607
,,,,,,,,,0.52951926,0.692023669
,,,,,,,,,0.464460499,1.253555016
,,,,,,,,,0.602269307,0.559289175
,,,,,,,,,1.494537731,0.817650192
,,,,,,,,,1.243222991,0.982910436
,,,,,,,,,1.025488245,1.026268503
,,,,,,,,,0.619594523,0.757388069
,,,,,,,,,0.697934628,0.84645978
,,,,,,,,,0.591882107,0.463443994
,,,,,,,,,0.646831189,0.815029502
,,,,,,,,,1.550160791,0.995519009
,,,,,,,,,0.646117564,0.443507505
,,,,,,,,,0.446580242,0.87634913
,,,,,,,,,1.612008243,0.532619474
,,,,,,,,,0.783966018,0.738680264
,,,,,,,,,0.994604165,1.2899848
,,,,,,,,,1.031910865,0.998686944
,,,,,,,,,1.126703978,1.082218123
,,,,,,,,,0.724021565,1.40171188
,,,,,,,,,1.431421614,0.660131571
,,,,,,,,,1.42975649,1.069103217
,,,,,,,,,1.66180337,1.447255
,,,,,,,,,0.654443183,1.013430821
,,,,,,,,,1.552182727,0.703347262
,,,,,,,,,0.765610012,0.702371254
,,,,,,,,,1.060931592,0.765557146
,,,,,,,,,1.246989342,0.588159641
,,,,,,,,,0.494234496,0.746820866
,,,,,,,,,1.417347354,0.712168648
,,,,,,,,,1.264869599,1.082540513
,,,,,,,,,1.285406124,1.091063729
,,,,,,,,,0.430285817,0.740225774
,,,,,,,,,0.645721106,1.040871641
,,,,,,,,,1.103511184,1.040772796
,,,,,,,,,0.61404411,1.122162452
,,,,,,,,,0.483173317,1.051583838
,,,,,,,,,0.567856751,0.843362869
,,,,,,,,,1.615140261,0.484570545
,,,,,,,,,0.582010302,0.800364177
,,,,,,,,,0.752170085,0.605196253
,,,,,,,,,0.787454849,0.536720541
,,,,,,,,,1.035796154,1.338223562
,,,,,,,,,1.698832549,1.495480671
,,,,,,,,,0.414705017,1.318129315
,,,,,,,,,1.004594907,0.680279496
,,,,,,,,,1.422659891,0.759627455
,,,,,,,,,1.465239483,0.887803971
,,,,,,,,,0.49911093,0.392756389
,,,,,,,,,1.304158589,0.903423047
,,,,,,,,,1.456279532,0.655985336
,,,,,,,,,1.188472138,1.223150823
,,,,,,,,,0.489199479,0.399104697
,,,,,,,,,1.461671361,0.591002568
,,,,,,,,,1.282829147,1.472192631
,,,,,,,,,1.362160397,0.976483904
,,,,,,,,,0.655592911,0.651499364
,,,,,,,,,1.257099022,1.255995364
,,,,,,,,,0.436510208,0.707008111
,,,,,,,,,0.915272915,1.098751348
,,,,,,,,,0.5735261,0.633557441
,,,,,,,,,0.537051962,0.956585381
,,,,,,,,,0.413475997,0.877962064
,,,,,,,,,0.696110921,1.078285288
,,,,,,,,,0.525316805,1.545565404
,,,,,,,,,1.015061399,0.276013766
,,,,,,,,,0.731990372,0.712959077
,,,,,,,,,0.513859168,1.302435286
,,,,,,,,,1.444346145,0.639893966
,,,,,,,,,0.757165456,1.289546218
,,,,,,,,,1.348839408,1.219546597
,,,,,,,,,0.496256432,1.420248834
,,,,,,,,,1.004238095,0.570080252
,,,,,,,,,1.528633121,1.094309889
,,,,,,,,,1.566494862,0.995053916
,,,,,,,,,1.28271021,0.326575048
,,,,,,,,,0.997260434,0.819966493
,,,,,,,,,0.462835021,0.6593814
,,,,,,,,,0.505890362,1.19634562
,,,,,,,,,0.819567949,1.070909913
,,,,,,,,,1.520624669,1.4758741
,,,,,,,,,0.51913206,0.529608315
,,,,,,,,,0.971451017,0.24936894
,,,,,,,,,0.46529306,0.596214491
,,,,,,,,,1.011572569,0.906132108
,,,,,,,,,0.796692321,0.895097521
,,,,,,,,,0.997656892,1.090789452
,,,,,,,,,1.283503126,0.969098055
,,,,,,,,,1.034805009,0.376513152
,,,,,,,,,1.171622672,1.170550463
,,,,,,,,,0.885816084,0.831063922
,,,,,,,,,0.632955158,0.855624831
,,,,,,,,,1.085749865,1.00663673
,,,,,,,,,0.512114753,1.1083792
,,,,,,,,,0.926215157,1.067563599
,,,,,,,,,1.111836802,1.148508127
,,,,,,,,,0.50033995,0.89573641
,,,,,,,,,0.853821922,1.056100249
,,,,,,,,,0.726677834,0.821385665
,,,,,,,,,1.69240993,0.838998325
,,,,,,,,,0.530470759,0.862257562
,,,,,,,,,0.68742849,0.897916882
,,,,,,,,,1.324338302,0.445594369
,,,,,,,,,1.291273703,0.768035461
,,,,,,,,,1.590242697,1.408143976
,,,,,,,,,1.432928154,0.830633195
,,,,,,,,,1.514876027,0.907476001
,,,,,,,,,1.499652039,1.214751
,,,,,,,,,0.423942489,0.811593508
,,,,,,,,,1.158499912,1.205026921
,,,,,,,,,1.268675596,0.976028302
,,,,,,,,,1.044597522,0.95261818
,,,,,,,,,1.688405703,0.740045759
,,,,,,,,,0.917651663,1.509164423
,,,,,,,,,1.069296857,1.080796332
,,,,,,,,,1.183437121,0.805729604
,,,,,,,,,0.632796575,0.540460269
,,,,,,,,,1.660376121,0.911442221
,,,,,,,,,0.950002638,0.755440635
,,,,,,,,,1.611294618,1.129760391
,,,,,,,,,0.735082744,0.919778549
,,,,,,,,,1.501594684,0.346673878
,,,,,,,,,1.055539763,0.523043334
,,,,,,,,,0.887520854,0.899458791
,,,,,,,,,0.893190203,0.312561378
,,,,,,,,,1.183080309,0.530011548
,,,,,,,,,1.008281967,1.267653785
,,,,,,,,,0.44725422,1.515260056
,,,,,,,,,,0.211423103
,,,,,,,,,,0.828248816
,,,,,,,,,,0.836065391
,,,,,,,,,,0.940105179
,,,,,,,,,,1.249069699
,,,,,,,,,,0.700580597
,,,,,,,,,,1.044578312
,,,,,,,,,,0.940816729
,,,,,,,,,,0.941773099
,,,,,,,,,,0.991296841
,,,,,,,,,,0.611866625
,,,,,,,,,,0.234590696
,,,,,,,,,,0.979017859
,,,,,,,,,,0.742177136
,,,,,,,,,,0.904678242
,,,,,,,,,,0.898797973
,,,,,,,,,,1.159669707
,,,,,,,,,,1.234193266
,,,,,,,,,,0.865942959
,,,,,,,,,,0.925322354
,,,,,,,,,,0.560576118
,,,,,,,,,,0.977852999
,,,,,,,,,,1.069051177
,,,,,,,,,,0.709403946
,,,,,,,,,,1.058398221
,,,,,,,,,,0.996798751
,,,,,,,,,,0.622065943
,,,,,,,,,,1.012290181
,,,,,,,,,,0.836923244
,,,,,,,,,,0.911926952
,,,,,,,,,,0.864966623
,,,,,,,,,,0.646074042
,,,,,,,,,,0.287126251
,,,,,,,,,,1.269848003
,,,,,,,,,,0.624971056
,,,,,,,,,,0.350687884
,,,,,,,,,,1.033257992
,,,,,,,,,,1.23683523
,,,,,,,,,,1.192564652
,,,,,,,,,,1.04092139
,,,,,,,,,,0.517614739
,,,,,,,,,,0.564438911
,,,,,,,,,,1.038965447
,,,,,,,,,,0.816731461
,,,,,,,,,,0.952304954
,,,,,,,,,,0.72732885
,,,,,,,,,,0.910031559
,,,,,,,,,,1.232603898
,,,,,,,,,,1.038199892
,,,,,,,,,,1.017723686
,,,,,,,,,,1.126450735
,,,,,,,,,,0.358797065
,,,,,,,,,,0.983461282
,,,,,,,,,,1.161589648
,,,,,,,,,,0.491581308
,,,,,,,,,,1.441489286
,,,,,,,,,,1.267703535
,,,,,,,,,,1.320921182
,,,,,,,,,,1.665723728
,,,,,,,,,,0.289244536
,,,,,,,,,,1.055845609
,,,,,,,,,,0.978560948
,,,,,,,,,,1.197167797
,,,,,,,,,,0.704404114
,,,,,,,,,,0.735132988
,,,,,,,,,,0.613065851
,,,,,,,,,,0.42493913
,,,,,,,,,,1.334006631
,,,,,,,,,,1.118098042
,,,,,,,,,,1.125105205
,,,,,,,,,,0.991250691
,,,,,,,,,,1.009186396
,,,,,,,,,,0.340955295
,,,,,,,,,,1.110498794
,,,,,,,,,,1.078071888
,,,,,,,,,,0.75925466
,,,,,,,,,,0.934598686
,,,,,,,,,,0.680898747
,,,,,,,,,,0.984816303
,,,,,,,,,,1.545837718
,,,,,,,,,,0.747328508
,,,,,,,,,,0.79719886
,,,,,,,,,,1.23683523
,,,,,,,,,,1.018801157
,,,,,,,,,,0.853996514
,,,,,,,,,,1.21149633
,,,,,,,,,,0.900846216
,,,,,,,,,,1.163856526
,,,,,,,,,,1.051204825
,,,,,,,,,,0.801860592
,,,,,,,,,,0.893841999
,,,,,,,,,,0.567726966
,,,,,,,,,,0.948392739
,,,,,,,,,,0.98889315
,,,,,,,,,,0.971615318
,,,,,,,,,,1.264059378
,,,,,,,,,,1.202649415
,,,,,,,,,,0.740225774
,,,,,,,,,,1.429373954
,,,,,,,,,,1.119095652
,,,,,,,,,,1.299310227
,,,,,,,,,,1.592638979
,,,,,,,,,,0.621079461
,,,,,,,,,,0.725503826
,,,,,,,,,,0.533366372
,,,,,,,,,,0.963041044
,,,,,,,,,,0.879552741
,,,,,,,,,,0.915189805
,,,,,,,,,,0.967897846
,,,,,,,,,,0.673095918
,,,,,,,,,,1.178023374
,,,,,,,,,,0.314849858
,,,,,,,,,,0.784526464
,,,,,,,,,,0.628021491
,,,,,,,,,,0.840957215
,,,,,,,,,,0.995658438
,,,,,,,,,,0.672734579
,,,,,,,,,,0.528238892
,,,,,,,,,,0.59221685
,,,,,,,,,,0.967762017
,,,,,,,,,,1.59666084
,,,,,,,,,,0.935641463
,,,,,,,,,,0.512757609
,,,,,,,,,,1.278848095
,,,,,,,,,,0.859500388
,,,,,,,,,,0.872700392
,,,,,,,,,,0.69139329
,,,,,,,,,,1.118801737
,,,,,,,,,,0.439421494
,,,,,,,,,,0.942106945
,,,,,,,,,,0.803960221
,,,,,,,,,,0.875265768
,,,,,,,,,,0.990209878
,,,,,,,,,,0.659631457
,,,,,,,,,,1.004401272
,,,,,,,,,,0.752305757
,,,,,,,,,,0.781605968
,,,,,,,,,,1.103748562
,,,,,,,,,,0.979475097
,,,,,,,,,,0.59935526
,,,,,,,,,,0.934310662
,,,,,,,,,,1.506113988
,,,,,,,,,,0.675436112
,,,,,,,,,,0.475674535
,,,,,,,,,,1.133009497
,,,,,,,,,,0.857407633
,,,,,,,,,,0.983874334
,,,,,,,,,,0.939504911
,,,,,,,,,,0.79635279
,,,,,,,,,,0.939416213
,,,,,,,,,,0.645520251
,,,,,,,,,,1.509164423
,,,,,,,,,,1.348716796
,,,,,,,,,,0.693310285
,,,,,,,,,,1.105049906
,,,,,,,,,,1.053431446
,,,,,,,,,,0.949107234
,,,,,,,,,,1.043680528
,,,,,,,,,,0.770040173
,,,,,,,,,,0.851450775
,,,,,,,,,,0.898049111
,,,,,,,,,,0.819233014
,,,,,,,,,,0.689754826
,,,,,,,,,,0.763685646
,,,,,,,,,,0.64860407
,,,,,,,,,,1.104115793
,,,,,,,,,,0.705320226
,,,,,,,,,,0.82069899
,,,,,,,,,,0.414540158
,,,,,,,,,,0.993892656
,,,,,,,,,,0.811177183
,,,,,,,,,,1.083644168
,,,,,,,,,,0.358537843
,,,,,,,,,,1.2945958
,,,,,,,,,,1.201924773
,,,,,,,,,,0.582745447
,,,,,,,,,,1.249115521
,,,,,,,,,,1.025131136
,,,,,,,,,,0.667973021
,,,,,,,,,,0.8660094
,,,,,,,,,,0.451041948
,,,,,,,,,,1.277495037
,,,,,,,,,,1.203451954
,,,,,,,,,,0.968599577
,,,,,,,,,,1.551383486
,,,,,,,,,,0.785028215
,,,,,,,,,,0.211423103
,,,,,,,,,,0.715458339
,,,,,,,,,,1.368123059
,,,,,,,,,,0.91825595
,,,,,,,,,,0.879243443
,,,,,,,,,,0.765532599
,,,,,,,,,,0.471838581
,,,,,,,,,,0.799966508
,,,,,,,,,,0.467380757
,,,,,,,,,,0.44233839
,,,,,,,,,,1.054802177
,,,,,,,,,,1.030984567
,,,,,,,,,,0.679865789
,,,,,,,,,,0.512429
,,,,,,,,,,1.147520336
,,,,,,,,,,1.036843562
,,,,,,,,,,0.9353086
,,,,,,,,,,0.69643829
,,,,,,,,,,0.860078727
,,,,,,,,,,0.443586057
,,,,,,,,,,1.202382338
,,,,,,,,,,0.565004485
,,,,,,,,,,0.619132027
,,,,,,,,,,0.908709595
,,,,,,,,,,0.886106266
,,,,,,,,,,1.095416162
,,,,,,,,,,0.739659545
,,,,,,,,,,0.890294723
,,,,,,,,,,0.817742163
,,,,,,,,,,1.329479419
,,,,,,,,,,1.213953043
,,,,,,,,,,1.362612638
,,,,,,,,,,1.215670712
,,,,,,,,,,1.078604732
,,,,,,,,,,0.811385345
,,,,,,,,,,1.183182274
,,,,,,,,,,0.749456284
,,,,,,,,,,1.13990865
,,,,,,,,,,1.351098229
,,,,,,,,,,0.67600365
,,,,,,,,,,1.289491232
,,,,,,,,,,1.153166259
,,,,,,,,,,0.331785662
,,,,,,,,,,0.97888072
,,,,,,,,,,1.166543658
,,,,,,,,,,1.210119052
,,,,,,,,,,0.887848156
,,,,,,,,,,0.955194357
,,,,,,,,,,0.83944869
,,,,,,,,,,0.208281024
,,,,,,,,,,1.449540862
,,,,,,,,,,0.546122557
,,,,,,,,,,0.800457785
,,,,,,,,,,1.191682251
,,,,,,,,,,0.852389471
,,,,,,,,,,1.129518844
,,,,,,,,,,0.688601094
,,,,,,,,,,0.73414487
,,,,,,,,,,1.141155663
,,,,,,,,,,0.738628551
,,,,,,,,,,0.466351726
,,,,,,,,,,0.837126497
,,,,,,,,,,0.950135283
,,,,,,,,,,0.723938024
,,,,,,,,,,1.252251708
,,,,,,,,,,1.032181502
,,,,,,,,,,0.851160461
,,,,,,,,,,0.610880797
,,,,,,,,,,0.88228995
,,,,,,,,,,0.577547925
,,,,,,,,,,0.949710775
,,,,,,,,,,1.192417367
,,,,,,,,,,0.781629861
,,,,,,,,,,0.554527617
,,,,,,,,,,1.138232875
,,,,,,,,,,1.233418875
,,,,,,,,,,0.785529311
,,,,,,,,,,0.471638273
,,,,,,,,,,0.685060692
,,,,,,,,,,0.552934321
,,,,,,,,,,1.154495751
,,,,,,,,,,1.149818636
,,,,,,,,,,0.956675062
,,,,,,,,,,0.850422399
,,,,,,,,,,0.94631733
,,,,,,,,,,0.309874901
,,,,,,,,,,1.130820188
,,,,,,,,,,0.875199653
,,,,,,,,,,1.14209305
,,,,,,,,,,0.73567827
,,,,,,,,,,0.568499393
,,,,,,,,,,1.388526932
,,,,,,,,,,0.658879976
,,,,,,,,,,0.79468127
,,,,,,,,,,0.824651463
,,,,,,,,,,1.052342192
,,,,,,,,,,0.638330127
,,,,,,,,,,0.4487155
,,,,,,,,,,0.873916965
,,,,,,,,,,1.028184844
,,,,,,,,,,1.041367827
,,,,,,,,,,0.895670296
,,,,,,,,,,1.03637585
,,,,,,,,,,0.74396812
,,,,,,,,,,0.866763499
,,,,,,,,,,1.290314718
,,,,,,,,,,0.85912203
,,,,,,,,,,0.869268325
,,,,,,,,,,0.554300471
,,,,,,,,,,1.575336599
,,,,,,,,,,0.877144796
,,,,,,,,,,0.715729016
,,,,,,,,,,0.521842799
,,,,,,,,,,1.145743752
,,,,,,,,,,0.171811965
,,,,,,,,,,0.37926247
,,,,,,,,,,1.017986835
,,,,,,,,,,0.72898957
,,,,,,,,,,0.975094188
,,,,,,,,,,1.02942531
,,,,,,,,,,0.437101592
,,,,,,,,,,0.828294311
,,,,,,,,,,0.960158187
,,,,,,,,,,1.135826567
,,,,,,,,,,0.579196207
,,,,,,,,,,1.568335001
,,,,,,,,,,1.294371273
,,,,,,,,,,1.123497181
,,,,,,,,,,0.80179055
,,,,,,,,,,0.705984972
,,,,,,,,,,0.979566414
,,,,,,,,,,0.679126091
,,,,,,,,,,1.021249033
,,,,,,,,,,1.411724637
,,,,,,,,,,0.747252247
,,,,,,,,,,1.112139549
,,,,,,,,,,1.247928077
,,,,,,,,,,0.936706497
,,,,,,,,,,0.628469237
,,,,,,,,,,1.489468827
,,,,,,,,,,0.892277833
,,,,,,,,,,1.148858992
,,,,,,,,,,1.293810935
,,,,,,,,,,0.582826617
,,,,,,,,,,0.610734822
,,,,,,,,,,0.952103337
,,,,,,,,,,1.12681011
,,,,,,,,,,0.967852352
,,,,,,,,,,1.252251708
,,,,,,,,,,0.591747502
,,,,,,,,,,0.923090823
,,,,,,,,,,1.046503162
,,,,,,,,,,0.823191051
,,,,,,,,,,1.039286855
,,,,,,,,,,0.72236633
,,,,,,,,,,1.104229038
,,,,,,,,,,0.690589441
,,,,,,,,,,0.861523756
,,,,,,,,,,1.461239869
,,,,,,,,,,0.664721624
,,,,,,,,,,0.973637704
,,,,,,,,,,0.347514384
,,,,,,,,,,1.126840222
,,,,,,,,,,0.753436251
,,,,,,,,,,0.607461823
,,,,,,,,,,0.916777863
,,,,,,,,,,1.060860498
,,,,,,,,,,0.998313495
,,,,,,,,,,1.146948216
,,,,,,,,,,1.125105205
,,,,,,,,,,1.449404706
,,,,,,,,,,1.079244931
,,,,,,,,,,1.204410943
,,,,,,,,,,0.973614793
,,,,,,,,,,0.942574329
,,,,,,,,,,0.256559063
,,,,,,,,,,0.844485835
,,,,,,,,,,0.518041538
,,,,,,,,,,0.67808855
,,,,,,,,,,0.848946277
,,,,,,,,,,0.919535692
,,,,,,,,,,0.443819095
,,,,,,,,,,0.909194326
,,,,,,,,,,1.433228237
,,,,,,,,,,1.095582103
,,,,,,,,,,0.968441164
,,,,,,,,,,0.454074054
,,,,,,,,,,0.880546096
,,,,,,,,,,1.280051904
,,,,,,,,,,1.107836537
,,,,,,,,,,1.0581426
,,,,,,,,,,1.177288913
,,,,,,,,,,0.953693033
,,,,,,,,,,0.955665669
,,,,,,,,,,1.042908755
,,,,,,,,,,0.489942191
,,,,,,,,,,1.373215845
,,,,,,,,,,0.464348651
,,,,,,,,,,0.901132603
,,,,,,,,,,0.830134063
,,,,,,,,,,1.274404672
,,,,,,,,,,1.112861245
,,,,,,,,,,0.980916526
,,,,,,,,,,1.018489567
,,,,,,,,,,0.997241261
,,,,,,,,,,0.802000676
,,,,,,,,,,1.028889848
,,,,,,,,,,0.770601492
,,,,,,,,,,1.193560952
,,,,,,,,,,1.09735836
,,,,,,,,,,0.829361963
,,,,,,,,,,0.920242005
,,,,,,,,,,1.227225052
,,,,,,,,,,0.800106592
,,,,,,,,,,1.10621313
,,,,,,,,,,0.515899688
,,,,,,,,,,0.96353723
,,,,,,,,,,1.557175385
,,,,,,,,,,0.987901432
,,,,,,,,,,0.658786368
,,,,,,,,,,0.964011161
,,,,,,,,,,1.253602148
,,,,,,,,,,0.921169246
,,,,,,,,,,1.024865041
,,,,,,,,,,0.90403968
,,,,,,,,,,0.889677435
,,,,,,,,,,1.147107284
,,,,,,,,,,0.788576473
,,,,,,,,,,1.219709593
,,,,,,,,,,0.817765074
,,,,,,,,,,0.918343993
,,,,,,,,,,1.098611918
,,,,,,,,,,0.835884722
,,,,,,,,,,0.492906218
,,,,,,,,,,1.001234646
,,,,,,,,,,0.796329224
,,,,,,,,,,0.724283652
,,,,,,,,,,0.072700331
,,,,,,,,,,1.153587166
,,,,,,,,,,1.021104693
,,,,,,,,,,1.288724695
,,,,,,,,,,0.787054528
,,,,,,,,,,0.660131571
,,,,,,,,,,0.919667921
,,,,,,,,,,0.714373667
,,,,,,,,,,0.760619828
,,,,,,,,,,1.124926172
,,,,,,,,,,1.158417457
,,,,,,,,,,1.260424386
,,,,,,,,,,0.591669605
,,,,,,,,,,0.816018602
,,,,,,,,,,1.229202598
,,,,,,,,,,1.087215992
,,,,,,,,,,1.031350815
,,,,,,,,,,0.577092324
,,,,,,,,,,1.236313515
,,,,,,,,,,0.597367895
,,,,,,,,,,1.09552679
,,,,,,,,,,0.819347569
,,,,,,,,,,0.963650149
,,,,,,,,,,1.097135796
,,,,,,,,,,0.64921743
,,,,,,,,,,1.310039117
,,,,,,,,,,0.912059181
,,,,,,,,,,0.509622731
,,,,,,,,,,1.036745044
,,,,,,,,,,0.815259594
,,,,,,,,,,0.510452109
,,,,,,,,,,0.708331712
,,,,,,,,,,0.760570078
,,,,,,,,,,1.150974004
,,,,,,,,,,1.109953513
,,,,,,,,,,1.001094235
,,,,,,,,,,0.48173351
,,,,,,,,,,0.724150769
,,,,,,,,,,1.069783347
,,,,,,,,,,0.432700064
,,,,,,,,,,0.458853941
,,,,,,,,,,0.79061686
,,,,,,,,,,0.421893932
,,,,,,,,,,0.65724675
,,,,,,,,,,1.075151719
,,,,,,,,,,0.957550916
,,,,,,,,,,0.484820602
,,,,,,,,,,1.220688219
,,,,,,,,,,1.235662188
,,,,,,,,,,0.893467568
,,,,,,,,,,1.130820188
,,,,,,,,,,1.122725408
,,,,,,,,,,1.119330654
,,,,,,,,,,0.890603039
,,,,,,,,,,1.294539505
,,,,,,,,,,0.892740635
,,,,,,,,,,0.511278214
,,,,,,,,,,0.556200119
,,,,,,,,,,1.031131197
,,,,,,,,,,0.680072642
,,,,,,,,,,1.400911959
,,,,,,,,,,1.414083814
,,,,,,,,,,1.102733278
,,,,,,,,,,0.515199266
,,,,,,,,,,0.23991652
,,,,,,,,,,1.123942963
,,,,,,,,,,0.928816934
,,,,,,,,,,0.950984954
,,,,,,,,,,0.927600033
,,,,,,,,,,0.395242559
,,,,,,,,,,0.462884966
,,,,,,,,,,1.009375576
,,,,,,,,,,1.030155844
,,,,,,,,,,0.923532678
,,,,,,,,,,1.206416636
,,,,,,,,,,0.941461837
,,,,,,,,,,1.174852493
,,,,,,,,,,0.662465219
,,,,,,,,,,0.411396771
,,,,,,,,,,0.894569259
,,,,,,,,,,0.616814089
,,,,,,,,,,1.216956346
,,,,,,,,,,1.23196239
,,,,,,,,,,0.677731793
,,,,,,,,,,0.805194468
,,,,,,,,,,1.303663316
,,,,,,,,,,0.549529748
,,,,,,,,,,1.541831567
,,,,,,,,,,0.96855441
,,,,,,,,,,1.149979012
,,,,,,,,,,0.808121511
,,,,,,,,,,1.001024192
,,,,,,,,,,1.04748048
,,,,,,,,,,0.72287299
,,,,,,,,,,1.348199662
,,,,,,,,,,0.773230037
,,,,,,,,,,1.061864654
,,,,,,,,,,0.573295646
,,,,,,,,,,0.385606851
,,,,,,,,,,1.132277982
,,,,,,,,,,1.096525054
,,,,,,,,,,1.072670786
,,,,,,,,,,0.616634729
,,,,,,,,,,0.879817527
,,,,,,,,,,0.556020104
,,,,,,,,,,1.024526941
,,,,,,,,,,0.870840674
,,,,,,,,,,0.939504911
,,,,,,,,,,1.337525759
,,,,,,,,,,0.41545398
,,,,,,,,,,1.035908466
,,,,,,,,,,0.63223384
,,,,,,,,,,0.529709123
,,,,,,,,,,1.133650677
,,,,,,,,,,1.117658806
,,,,,,,,,,1.15339275
,,,,,,,,,,1.092518904
,,,,,,,,,,0.743840146
,,,,,,,,,,0.983552926
,,,,,,,,,,0.646919785
,,,,,,,,,,0.574428103
,,,,,,,,,,1.486295327
,,,,,,,,,,1.290865891
,,,,,,,,,,1.038175345
,,,,,,,,,,0.499522912
,,,,,,,,,,1.467683748
,,,,,,,,,,1.20726958
,,,,,,,,,,0.932182559
,,,,,,,,,,1.350798423
,,,,,,,,,,0.920131705
,,,,,,,,,,0.88123048
,,,,,,,,,,1.281684475
,,,,,,,,,,0.582745447
,,,,,,,,,,0.766957008
,,,,,,,,,,0.731717941
,,,,,,,,,,1.505912372
,,,,,,,,,,0.718912007
,,,,,,,,,,0.812678507
,,,,,,,,,,0.691680004
,,,,,,,,,,0.75733832
,,,,,,,,,,1.348716796
,,,,,,,,,,1.027165305
,,,,,,,,,,0.926383787
,,,,,,,,,,0.907806574
,,,,,,,,,,0.619806265
,,,,,,,,,,0.51460489
,,,,,,,,,,0.730670254
,,,,,,,,,,0.84822949
,,,,,,,,,,0.922008442
,,,,,,,,,,1.614759212
,,,,,,,,,,0.909568757
,,,,,,,,,,0.473765722
,,,,,,,,,,0.324304897
,,,,,,,,,,1.265627799
,,,,,,,,,,1.090570815
,,,,,,,,,,0.704209697
,,,,,,,,,,1.066080931
,,,,,,,,,,0.929835164
,,,,,,,,,,0.819874849
,,,,,,,,,,0.78249295
,,,,,,,,,,0.57249507
,,,,,,,,,,1.345418922
,,,,,,,,,,0.675555904
,,,,,,,,,,0.463234522
,,,,,,,,,,0.908202934
,,,,,,,,,,0.977373505
,,,,,,,,,,0.777660368
,,,,,,,,,,1.027286733
,,,,,,,,,,1.269547542
,,,,,,,,,,0.956989269
,,,,,,,,,,1.064214012
,,,,,,,,,,0.88112018
,,,,,,,,,,0.59579031
,,,,,,,,,,0.844350987
,,,,,,,,,,1.162521143
,,,,,,,,,,0.557771813
,,,,,,,,,,1.088277098
,,,,,,,,,,1.214751
,,,,,,,,,,0.775219038
,,,,,,,,,,0.886348796
,,,,,,,,,,1.089476979
,,,,,,,,,,0.645454791
,,,,,,,,,,0.941750843
,,,,,,,,,,0.997870331
,,,,,,,,,,0.907894291
,,,,,,,,,,0.545086325
,,,,,,,,,,0.889324933
,,,,,,,,,,1.089012868
,,,,,,,,,,0.977624871
,,,,,,,,,,0.658754948
,,,,,,,,,,0.488597643
,,,,,,,,,,0.796211724
,,,,,,,,,,0.978766493
,,,,,,,,,,0.977122793
,,,,,,,,,,1.13752198
,,,,,,,,,,1.33475942
,,,,,,,,,,0.547061253
,,,,,,,,,,0.582259079
,,,,,,,,,,1.2798948
,,,,,,,,,,0.440688799
,,,,,,,,,,1.061169469
,,,,,,,,,,0.861612782
,,,,,,,,,,0.967309689
,,,,,,,,,,0.68360028
,,,,,,,,,,0.712441289
,,,,,,,,,,0.851450775
,,,,,,,,,,0.823875762
,,,,,,,,,,1.011578304
,,,,,,,,,,0.56556875
,,,,,,,,,,0.893445638
,,,,,,,,,,0.397997114
,,,,,,,,,,1.279684673
,,,,,,,,,,1.169458591
,,,,,,,,,,1.169016081
,,,,,,,,,,0.60355059
,,,,,,,,,,1.295327643
,,,,,,,,,,1.078471521
,,,,,,,,,,0.856471883
,,,,,,,,,,1.265234385
,,,,,,,,,,0.55960011
,,,,,,,,,,0.610442216
,,,,,,,,,,1.462564778
,,,,,,,,,,0.547762984
,,,,,,,,,,0.720495156
,,,,,,,,,,0.990602965
,,,,,,,,,,0.419774338
,,,,,,,,,,1.249941626
,,,,,,,,,,1.069260321
,,,,,,,,,,0.95100721
,,,,,,,,,,0.704904228
,,,,,,,,,,0.684010059
,,,,,,,,,,1.043033129
,,,,,,,,,,0.743277845
,,,,,,,,,,0.866985409
,,,,,,,,,,1.059576828
,,,,,,,,,,0.732005311
,,,,,,,,,,0.819599917
,,,,,,,,,,0.979726791
,,,,,,,,,,1.129277296
,,,,,,,,,,1.136996991
,,,,,,,,,,0.899811293
,,,,,,,,,,1.001000627
,,,,,,,,,,1.022693079
,,,,,,,,,,0.631723252
,,,,,,,,,,0.982406067
,,,,,,,,,,0.998570098
,,,,,,,,,,0.794374917
,,,,,,,,,,1.52141853
,,,,,,,,,,1.080956709
,,,,,,,,,,1.731424592
,,,,,,,,,,1.283703261
,,,,,,,,,,1.197805377
,,,,,,,,,,0.645617786
,,,,,,,,,,1.021537711
,,,,,,,,,,0.782948224
,,,,,,,,,,1.10698163
,,,,,,,,,,0.768451459
,,,,,,,,,,0.477693321
,,,,,,,,,,0.776960273
,,,,,,,,,,0.614657183
,,,,,,,,,,1.331762663
,,,,,,,,,,0.46941918
,,,,,,,,,,0.640192464
,,,,,,,,,,0.610332243
,,,,,,,,,,0.593348653
,,,,,,,,,,0.788980361
,,,,,,,,,,0.478146304
,,,,,,,,,,1.234667851
,,,,,,,,,,0.4581365
,,,,,,,,,,1.00489484
,,,,,,,,,,0.627261501
,,,,,,,,,,0.720173421
,,,,,,,,,,1.461386499
,,,,,,,,,,0.7025948
,,,,,,,,,,0.987878194
,,,,,,,,,,0.740328546
,,,,,,,,,,0.790853825
,,,,,,,,,,0.569312406
,,,,,,,,,,1.251788252
,,,,,,,,,,1.348568856
,,,,,,,,,,0.880369682
,,,,,,,,,,0.631961527
,,,,,,,,,,0.971865048
,,,,,,,,,,1.361419958
,,,,,,,,,,1.308532228
,,,,,,,,,,1.194485902
,,,,,,,,,,0.729199696
,,,,,,,,,,0.960630808
,,,,,,,,,,1.106838927
,,,,,,,,,,1.104314136
,,,,,,,,,,0.573379434
,,,,,,,,,,0.914351917
,,,,,,,,,,1.011127612
,,,,,,,,,,0.89522975
,,,,,,,,,,0.767692778
,,,,,,,,,,0.477627861
,,,,,,,,,,1.027068424
,,,,,,,,,,0.618278429
,,,,,,,,,,1.180945507
,,,,,,,,,,1.136966225
,,,,,,,,,,0.660037963
,,,,,,,,,,0.12367532
,,,,,,,,,,0.815236683
,,,,,,,,,,1.154430945
,,,,,,,,,,0.941639561
,,,,,,,,,,0.932647979
,,,,,,,,,,0.884430164
,,,,,,,,,,1.122547357
,,,,,,,,,,1.048635194
,,,,,,,,,,0.967671682
,,,,,,,,,,0.565785423
,,,,,,,,,,1.2899848
,,,,,,,,,,1.146789803
,,,,,,,,,,1.005459105
,,,,,,,,,,0.660318786
,,,,,,,,,,1.36648525
,,,,,,,,,,1.545565404
,,,,,,,,,,1.250448286
,,,,,,,,,,0.487799031
,,,,,,,,,,0.890955868
,,,,,,,,,,1.275996004
,,,,,,,,,,0.887782042
,,,,,,,,,,0.842823806
,,,,,,,,,,0.969981765
,,,,,,,,,,0.95499274
,,,,,,,,,,0.665706142
,,,,,,,,,,1.193080476
,,,,,,,,,,0.492184849
,,,,,,,,,,0.642998733
,,,,,,,,,,0.666596398
,,,,,,,,,,0.762253709
,,,,,,,,,,0.778938146
,,,,,,,,,,0.589545429
,,,,,,,,,,1.368370498
,,,,,,,,,,1.292806125
,,,,,,,,,,0.668033899
,,,,,,,,,,0.614549174
,,,,,,,,,,0.392756389
,,,,,,,,,,1.435561231
,,,,,,,,,,1.060834968
,,,,,,,,,,1.056074719
,,,,,,,,,,0.544377394
,,,,,,,,,,0.508623157
,,,,,,,,,,0.455608435
,,,,,,,,,,0.897476336
,,,,,,,,,,0.790213954
,,,,,,,,,,0.553481567
,,,,,,,,,,1.317751611
,,,,,,,,,,0.842823806
,,,,,,,,,,1.327883505
,,,,,,,,,,0.944177771
,,,,,,,,,,0.723858163
,,,,,,,,,,0.983185695
,,,,,,,,,,1.244982379
,,,,,,,,,,0.913866858
,,,,,,,,,,1.066886743
,,,,,,,,,,1.447121462
,,,,,,,,,,1.031692844
,,,,,,,,,,0.980733565
,,,,,,,,,,1.205257995
,,,,,,,,,,1.285041263
,,,,,,,,,,0.488965528
,,,,,,,,,,1.515474764
,,,,,,,,,,0.782325045
,,,,,,,,,,0.985207099
,,,,,,,,,,0.907013199
,,,,,,,,,,1.283383816
,,,,,,,,,,0.725000439
,,,,,,,,,,0.97771586
,,,,,,,,,,0.913580144
,,,,,,,,,,1.473302832
,,,,,,,,,,1.033894917
,,,,,,,,,,1.191132387
,,,,,,,,,,0.920462605
,,,,,,,,,,0.87701224
,,,,,,,,,,0.959101008
,,,,,,,,,,0.678147464
,,,,,,,,,,0.925698421
,,,,,,,,,,1.242920389
,,,,,,,,,,0.890096379
,,,,,,,,,,1.021200919
,,,,,,,,,,1.271508068
,,,,,,,,,,0.661875425
,,,,,,,,,,1.101242427
,,,,,,,,,,1.022332068
,,,,,,,,,,1.261823265
,,,,,,,,,,1.245794737
,,,,,,,,,,1.093592447
,,,,,,,,,,0.905339388
,,,,,,,,,,0.593037064
,,,,,,,,,,0.575430295
,,,,,,,,,,0.547715852
,,,,,,,,,,1.425731762
,,,,,,,,,,1.005718327
,,,,,,,,,,0.876680685
,,,,,,,,,,0.632029605
,,,,,,,,,,1.116373827
,,,,,,,,,,0.902145596
,,,,,,,,,,0.626430814
,,,,,,,,,,1.182328021
,,,,,,,,,,0.988178
,,,,,,,,,,0.429788404
,,,,,,,,,,0.932138373
,,,,,,,,,,1.150652596
,,,,,,,,,,1.505111142
,,,,,,,,,,0.890845568
,,,,,,,,,,0.97826376
,,,,,,,,,,1.04647796
,,,,,,,,,,0.940194204
,,,,,,,,,,1.059191923
,,,,,,,,,,0.672131038
,,,,,,,,,,1.102592212
,,,,,,,,,,0.944823861
,,,,,,,,,,0.903753293
,,,,,,,,,,0.585687218
,,,,,,,,,,1.148667849
,,,,,,,,,,1.082728711
,,,,,,,,,,1.073171227
,,,,,,,,,,0.588318054
,,,,,,,,,,0.492845995
,,,,,,,,,,0.711240098
,,,,,,,,,,1.000228854
,,,,,,,,,,0.95481338
,,,,,,,,,,0.96090083
,,,,,,,,,,0.81826977
,,,,,,,,,,0.457057719
,,,,,,,,,,0.935641463
,,,,,,,,,,1.086374831
,,,,,,,,,,0.61895463
,,,,,,,,,,0.918343993
,,,,,,,,,,0.613790493
,,,,,,,,,,1.120419253
,,,,,,,,,,1.181122249
,,,,,,,,,,1.558971606
,,,,,,,,,,1.220361574
,,,,,,,,,,1.100260855
,,,,,,,,,,0.826861392
,,,,,,,,,,0.829316795
,,,,,,,,,,0.902057552
,,,,,,,,,,1.016385357
,,,,,,,,,,1.523235699
,,,,,,,,,,1.027262513
,,,,,,,,,,1.435066353
,,,,,,,,,,0.835771803
,,,,,,,,,,0.805589847
,,,,,,,,,,0.686108706
,,,,,,,,,,0.599849483
,,,,,,,,,,0.752179747
,,,,,,,,,,0.840439754
,,,,,,,,,,1.220239164
,,,,,,,,,,0.444977736
,,,,,,,,,,0.996519237
,,,,,,,,,,1.050296568
,,,,,,,,,,1.408979246
,,,,,,,,,,1.115092775
,,,,,,,,,,0.40961495
,,,,,,,,,,0.54943745
,,,,,,,,,,1.114338022
,,,,,,,,,,0.623679531
,,,,,,,,,,0.876680685
,,,,,,,,,,1.090379017
,,,,,,,,,,1.386777842
,,,,,,,,,,1.581673124
,,,,,,,,,,1.74837087
,,,,,,,,,,1.134354372
,,,,,,,,,,1.41768804
,,,,,,,,,,0.749329947
,,,,,,,,,,1.062199482
,,,,,,,,,,1.120537081
,,,,,,,,,,0.881252737
,,,,,,,,,,1.152164721
,,,,,,,,,,1.098528129
,,,,,,,,,,1.271104835
,,,,,,,,,,0.896837774
,,,,,,,,,,0.619558171
,,,,,,,,,,1.003132985
,,,,,,,,,,1.096302818
,,,,,,,,,,0.782924004
,,,,,,,,,,1.035539599
,,,,,,,,,,0.624518073
,,,,,,,,,,0.656648119
,,,,,,,,,,0.516384092
,,,,,,,,,,0.951387532
,,,,,,,,,,1.210669571
,,,,,,,,,,1.070700441
,,,,,,,,,,1.059730659
,,,,,,,,,,0.661999799
,,,,,,,,,,0.746032728
,,,,,,,,,,1.501565829
,,,,,,,,,,0.892277833
,,,,,,,,,,0.843767084
,,,,,,,,,,0.76309356
,,,,,,,,,,1.239066761
,,,,,,,,,,1.376897313
,,,,,,,,,,0.854621329
,,,,,,,,,,0.852746556
,,,,,,,,,,1.335516138
,,,,,,,,,,1.251973504
,,,,,,,,,,0.791658655
,,,,,,,,,,0.825814032
,,,,,,,,,,0.666627164
,,,,,,,,,,1.034581592
,,,,,,,,,,1.184289202
,,,,,,,,,,0.753862722
,,,,,,,,,,0.973842266
,,,,,,,,,,0.931052719
,,,,,,,,,,1.4709358
,,,,,,,,,,0.626950566
,,,,,,,,,,1.113989775
,,,,,,,,,,1.260040136
,,,,,,,,,,1.179392796
,,,,,,,,,,0.792155169
,,,,,,,,,,0.885246122
,,,,,,,,,,0.866541917
,,,,,,,,,,1.110211752
,,,,,,,,,,1.095139267
,,,,,,,,,,0.989562806
,,,,,,,,,,0.707311845
,,,,,,,,,,0.21782247
,,,,,,,,,,0.626846485
,,,,,,,,,,1.093482475
,,,,,,,,,,0.671587721
,,,,,,,,,,0.9452919
,,,,,,,,,,1.125612847
,,,,,,,,,,0.780957914
,,,,,,,,,,0.868160415
,,,,,,,,,,1.313027365
,,,,,,,,,,0.427252485
,,,,,,,,,,0.98548334
,,,,,,,,,,1.400613461
,,,,,,,,,,1.044703013
,,,,,,,,,,0.456768386
,,,,,,,,,,0.64486696
,,,,,,,,,,1.124002532
,,,,,,,,,,0.940972524
,,,,,,,,,,1.017891263
,,,,,,,,,,0.738292741
,,,,,,,,,,0.865765562
,,,,,,,,,,1.080448085
,,,,,,,,,,0.720146582
,,,,,,,,,,1.270551043
,,,,,,,,,,1.066340807
,,,,,,,,,,0.800410981
,,,,,,,,,,1.184432559
,,,,,,,,,,0.94631733
,,,,,,,,,,0.739067132
,,,,,,,,,,1.255712577
,,,,,,,,,,1.164827952
,,,,,,,,,,0.521266096
,,,,,,,,,,1.082890397
,,,,,,,,,,1.509782365
,,,,,,,,,,0.925322354
,,,,,,,,,,0.472638502
,,,,,,,,,,0.68380517
,,,,,,,,,,1.668771544
,,,,,,,,,,1.254350355
,,,,,,,,,,0.74737924
,,,,,,,,,,0.646399378
,,,,,,,,,,0.927909986
,,,,,,,,,,1.191865539
,,,,,,,,,,0.520845843
,,,,,,,,,,1.011104046
,,,,,,,,,,0.588793948
,,,,,,,,,,0.891617014
,,,,,,,,,,0.986403708
,,,,,,,,,,0.766957008
,,,,,,,,,,0.963176546
,,,,,,,,,,0.651274837
,,,,,,,,,,0.472904269
,,,,,,,,,,0.596137248
,,,,,,,,,,1.313088242
,,,,,,,,,,1.062250868
,,,,,,,,,,0.312561378
,,,,,,,,,,0.845719755
,,,,,,,,,,1.03822444
,,,,,,,,,,1.000673
,,,,,,,,,,1.021441485
,,,,,,,,,,0.669313641
,,,,,,,,,,0.785362388
,,,,,,,,,,0.55960011
,,,,,,,,,,0.702706082
,,,,,,,,,,0.531018323
,,,,,,,,,,0.956450534
,,,,,,,,,,0.734040461
,,,,,,,,,,0.90392938
,,,,,,,,,,0.510783336
,,,,,,,,,,0.74143351
,,,,,,,,,,0.653510949
,,,,,,,,,,0.780045075
,,,,,,,,,,1.015240134
,,,,,,,,,,0.297989988
,,,,,,,,,,1.192491336
,,,,,,,,,,0.92370942
,,,,,,,,,,1.066496601
,,,,,,,,,,1.031009114
,,,,,,,,,,1.559573838
,,,,,,,,,,1.150043163
,,,,,,,,,,0.990880515
,,,,,,,,,,0.666596398
,,,,,,,,,,0.767447303
,,,,,,,,,,1.415276495
,,,,,,,,,,1.169016081
,,,,,,,,,,0.647341347
,,,,,,,,,,1.18055602
,,,,,,,,,,0.839583865
,,,,,,,,,,0.833895393
,,,,,,,,,,1.213595631
,,,,,,,,,,1.134170429
,,,,,,,,,,1.261339516
,,,,,,,,,,0.56395909
,,,,,,,,,,1.037730871
,,,,,,,,,,0.680485695
,,,,,,,,,,0.965794945
,,,,,,,,,,0.43782558
,,,,,,,,,,1.267356597
,,,,,,,,,,0.781533962
,,,,,,,,,,0.918983864
,,,,,,,,,,1.005906524
,,,,,,,,,,0.619451472
,,,,,,,,,,1.127620505
,,,,,,,,,,0.863412603
,,,,,,,,,,0.586726722
,,,,,,,,,,1.105957836
,,,,,,,,,,0.549669178
,,,,,,,,,,0.045971716
,,,,,,,,,,0.660536768
,,,,,,,,,,0.851584968
,,,,,,,,,,0.835794387
,,,,,,,,,,0.879994269
,,,,,,,,,,1.134109552
,,,,,,,,,,0.795905698
,,,,,,,,,,0.890933612
,,,,,,,,,,1.256373723
,,,,,,,,,,1.456621013
,,,,,,,,,,0.773472893
,,,,,,,,,,0.888817946
,,,,,,,,,,1.121570694
,,,,,,,,,,1.192270082
,,,,,,,,,,0.990279265
,,,,,,,,,,0.81249391
,,,,,,,,,,0.735834064
,,,,,,,,,,0.655352338
,,,,,,,,,,0.988731792
,,,,,,,,,,0.700552449
,,,,,,,,,,0.405894205
,,,,,,,,,,0.523511373
,,,,,,,,,,1.061683984
,,,,,,,,,,1.024792708
,,,,,,,,,,0.905229088
,,,,,,,,,,0.270572734
,,,,,,,,,,0.897873024
,,,,,,,,,,0.73027684
,,,,,,,,,,0.335006293
,,,,,,,,,,1.054573722
,,,,,,,,,,1.166881432
,,,,,,,,,,1.081949082
,,,,,,,,,,0.885577023
,,,,,,,,,,0.844171627
,,,,,,,,,,1.054776648
,,,,,,,,,,0.575680352
,,,,,,,,,,1.078978182
,,,,,,,,,,1.061606742
,,,,,,,,,,0.994333856
,,,,,,,,,,0.615845282
,,,,,,,,,,1.037632354
,,,,,,,,,,0.794869794
,,,,,,,,,,0.748748008
,,,,,,,,,,0.409236592
,,,,,,,,,,0.664598559
,,,,,,,,,,1.042660007
,,,,,,,,,,0.787364154
,,,,,,,,,,0.906220479
,,,,,,,,,,1.102507441
,,,,,,,,,,1.268001378
,,,,,,,,,,0.337713717
,,,,,,,,,,1.168472764
,,,,,,,,,,1.326562523
